Workbook
Name A: #REF!
Name A: #REF!
Name A: #REF!
Name A: #REF!
Name A: #REF!
Name Aa: #REF!
Name Aa: #REF!
Name Aa: #REF!
Name Aa: #REF!
Name Aa: #REF!
Name AB: [1]CG!$CA$9
Name Ad: [1]A.12!$AM$10
Name Ag: #REF!
Name alfa: [1]A.4!$AA$13
Name An: #REF!
Name Anchobloque: #REF!
Name As: [2]BALCONES!$N$32
Name Av: [1]A.2!$AC$11
Name bc_1: #REF!
Name bc_1: #REF!
Name bc_1: #REF!
Name bc_1: #REF!
Name bc_1: #REF!
Name bc_2: #REF!
Name bc_2: #REF!
Name bc_2: #REF!
Name bc_2: #REF!
Name bc_2: #REF!
Name bw: [2]ALIGERADA!$AD$20
Name bw: [2]ALIGERADA!$AD$20
Name bw: [2]ALIGERADA!$AD$20
Name bw: [2]ALIGERADA!$AD$20
Name bw: #REF!
Name Ct: [1]A.4!$U$13
Name Ctx: [1]CG!$BA$56
Name Cty: [1]CG!$BA$163
Name Cu: [1]A.4!$J$21
Name dp: [2]DX!$G$23
Name e: [2]ALIGERADA!$AM$37
Name e: [2]ALIGERADA!$AM$37
Name e: [2]ALIGERADA!$AM$37
Name e: [2]ALIGERADA!$AM$37
Name E: #REF!
Name E_Y1: [1]CG!$BR$55
Name E2X: [1]A.4!#REF!
Name E2Y: [1]A.4!#REF!
Name E3X: [1]A.4!#REF!
Name E3Y: [1]A.4!#REF!
Name E4X: [1]A.4!$AC$32
Name E4Y: [1]A.4!#REF!
Name E5X: [1]A.4!#REF!
Name E5Y: [1]A.4!#REF!
Name Ebloque: #REF!
Name ec: [2]DX!$G$29
Name Eestria: #REF!
Name Eestria: #REF!
Name Eestria: #REF!
Name Eestria: #REF!
Name Eestria: #REF!
Name Em: [1]INFO.!$BY$44

Sheet 0. HOJA BÁSICA
A1: JUAN JOSÉ ZAMORA JIMÉNEZ INGENIERO CIVIL | F1: Proyecto: | O1: Fecha:
O2: Diseño:
F3: Contiene: | O3: Revisión:

Sheet 0. PORTADA
B2: EDIFICACIÓN LOCALES COMERCIALES
B14: MIRANDA, VALLE DEL CAUCA
B16: MEMORIA DE CÁLCULOS ESTRUCTURALES
B60: MAYO DE 2025
B62: REVISIÓN 0

Sheet 0. CARTA RESPONSABILIDAD
A1: Memoria de cálculos estructurales | F1: Proyecto: | H1: ='0. PORTADA'!B2 -> EDIFICACIÓN LOCALES COMERCIALES | O1: Fecha: | Q1: Mayo de 2025
O2: Diseño:
F3: Contiene: | H3: Memorial de responsabilidad | O3: Revisión: | Q3: R0
B6: MEMORIAL DE RESPONSABILIDAD
B8: Santiago de Cali, Mayo de 2024
B10: Señor:
B11: *CLIENTE
B12: Santiago de Cali
B14: Cordial saludo,
B16: La presente tiene por objeto dar constancia que el diseño estructural de la edificación:
B17: ='0. PORTADA'!B2 -> EDIFICACIÓN LOCALES COMERCIALES
B18: ="El proyecto se encuenta ubicado en el municipio de "&'0. INICIO'!L9&" y fue realizado de acuerdo con el Reglamento Colombiano de Diseño y Construcción Sismo Resistente: NSR-10, "&"y demás disposiciones legales que rigen al respecto. Los estudios se ajustan en todo al mencionado reglamento, "&"en especial a lo concerniente al diseño sísmico, el cual se realizó para la zona de amenaza sísmica "&'0. INICIO'!L22&" dentro del cual se encuentra el proyecto." -> El proyecto se encuenta ubicado en el municipio de Miranda, Cauca y fue realizado de acuerdo con el Reglamento Colombiano de Diseño y Construcción Sismo Resistente: NSR-10, y demás disposiciones legales que rigen al respecto. Los estudios se ajustan en todo al mencionado reglamento, en especial a lo concerniente al diseño sísmico, el cual se realizó para la zona de amenaza sísmica ALTA dentro del cual se encuentra el proyecto.
B23: De acuerdo con lo indicado en el numeral A.9.3.1.1 del presente reglamento, recae sobre cada fabricante de elementos no estructurales la responsabilidad y diseño de estos, por lo que se es responsable únicamente de los aquí descritos en la memoria.
B26: Eximo a la ciudad de cualquier prejuicio que ocasione dicho cálculo estructural. Anexo fotocopia de la matricula profesional vigente y copia de las memorias de cálculo y los planos estructurales respectivos.
B29: Atentamente,
B46: JUAN JOSÉ ZAMORA JIMÉNEZ
B47: INGENIERO CIVIL/ESTRUCTURAL: JAVERIANA CALI
B48: MP. 171037-0527758 VLL

Sheet 0. INICIO
A1: ='0. CARTA RESPONSABILIDAD'!A1 -> Memoria de cálculos estructurales | F1: Proyecto: | H1: ='0. CARTA RESPONSABILIDAD'!H1 -> EDIFICACIÓN LOCALES COMERCIALES | O1: Fecha: | Q1: ='0. CARTA RESPONSABILIDAD'!Q1 -> Mayo de 2025
O2: Diseño: | Q2: ='0. CARTA RESPONSABILIDAD'!Q2 | W2: Tabla A.2.5-1
F3: Contiene: | H3: INFORMACIÓN GENERAL | O3: Revisión: | Q3: ='0. CARTA RESPONSABILIDAD'!Q3 -> R0 | W3: Grupo de Uso | X3: I
W4: I | X4: 1
B5: Proyecto | L5: LOCALES COMERCIALES | W5: II | X5: 1.1
W6: III | X6: 1.25
W7: IV | X7: 1.5
B9: Ubicación | L9: Miranda, Cauca
B10: Dirección
B11: Propietario
B12: Uso de la estructura | L12: Comercial
B13: Grupo de uso | L13: I
B14: Coeficiente de importancia (I) | L14: =VLOOKUP(L13,$W$4:$X$7,2,) -> 1
B15: Altura efectiva | L15: 8.1 | M15: m
B16: Sistema estructural de resistencia sísmica - Sentido Long. (A.3.2) | L16: Pórticos de concreto resistentes a momento
B17: Sistema estructural de resistencia sísmica - Sentido Transv. (A.3.2) | L17: Pórticos de concreto resistentes a momento
B18: Espectro de diseño | L18: NSR 10
B19: Tipo de Perfil de Suelo | L19: E | X19: 50 | Y19: =X19+Y20 -> 810
X20: 260 | Y20: =X20+Y21 -> 760
B21: Método de análisis sísmico (A.3.4) | L21: Modal | X21: 50 | Y21: =X21+Y22 -> 500
B22: Zona de amenaza sísmica (A.2.3) | L22: ALTA | X22: 450 | Y22: =X22+Y23 -> 450
B23: Capacidad de disipación de energía (A.3.1.3) | L23: {=_xlfn.IFS(L22="Baja","DMI",L22="Media","DMO",L22="Alta","DES")} -> DES
B24: Coef. de disipación de energía básico - Long.(A.3.1.3) | L24: Rox | M24: 7
B25: Coef. de disipación de energía básico - Transv.(A.3.1.3) | L25: Roy | M25: 7
B26: Coef. de aceleración pico efectiva (A.2.3.2) | L26: Aa | M26: 0.25
B27: Coef. de velocidad pico efectiva (A.2.3.3) | L27: Av | M27: 0.2
B28: Coef. de Importancia (A.2.5.2) | L28: I | M28: =L14 -> 1
B29: Coef. de amplificación de la aceleración (periodos cortos) | L29: Fa | M29: ='3. ESPECTRO'!M23 -> 1.45
B30: Coef. de amplificación de la aceleración (periodos intermedios) | L30: Fv | M30: ='3. ESPECTRO'!M24 -> 3.2 | N30: ='3. ESPECTRO'!AH76
B31: Coef. de reducción de Ro por irregularidad en Planta (A.3.3.4) | L31: φp | M31: ='5. IRREGULARIDADES'!M147 -> 1 | N31: ='3. ESPECTRO'!AH77
B32: Coef. de reducción de Ro por irregularidad en Altura (A.3.3.4) | L32: φa | M32: ='5. IRREGULARIDADES'!M146 -> 1
B33: Coef. de reducción de Ro por ausencia de redundancia (A.3.3.8) | L33: φr x | M33: ='5. IRREGULARIDADES'!M148 -> 0.75
B34: Coef. de reducción de Ro por ausencia de redundancia (A.3.3.8) | L34: φr y | M34: ='5. IRREGULARIDADES'!I140 -> 1
B35: Coef. de capacidad de disipación de energía - Sentido X (A.3) | L35: Rx | M35: ='5. IRREGULARIDADES'!M150 -> 5.25
B36: Coef. de capacidad de disipación de energía - Sentido Y (A.3) | L36: Ry | M36: ='5. IRREGULARIDADES'!P150 -> 7
B37: Periodo de vibración fundamental aproximado (A.4.2) | L37: Ta | M37: ='7. FHE Y AJUSTE DE SISMO'!P12 -> 0.30884059
B38: Periodo obtenido del análisis dinámico en la dirección X | L38: Tx | M38: ='7. FHE Y AJUSTE DE SISMO'!H16 -> 0.375
B39: Periodo obtenido del análisis dinámico en la dirección Y | L39: Ty | M39: ='7. FHE Y AJUSTE DE SISMO'!H17 -> 0.429
B40: Factor de corrección en la dirección X (A.5.5.4) | L40: FC1 | M40: ='7. FHE Y AJUSTE DE SISMO'!P51 -> 1
B41: Factor de corrección en la dirección Y (A.5.5.4) | L41: FC2 | M41: ='7. FHE Y AJUSTE DE SISMO'!P52 -> 1
B42: Deriva máxima inelástica - calculada | L42: ='8. CHEQUEO DE DERIVAS'!J8 -> 0.0063420177
B43: Deriva máxima inelástica - permitida | L43: 0.01
B44: Separación con estructuras adyacentes | L44: N/A
B45: Longitud de la edificación en sentido X | L45: 20.75
B46: Longitud de la edificación en sentido y | L46: 20.75
B67: MATERIALES
B68: 1. CONCRETO | L68: 2. ACERO
B69: Elemento | H69: f'c | J69: Ec | L69: Elemento | Q69: Fy | S69: Fu
B70: Vigas | H70: 21 | I70: MPa | J70: =IF(H70=0,"",4700*SQRT(H70)) -> 21538.106 | K70: MPa | L70: Acero de refuerzo | R70: MPa | S70: =IF(Q70=0,"",4700*SQRT(Q70)) | T70: MPa | W70: ASTM A500 Gr. C
B71: Columnas | H71: 28 | I71: MPa | J71: =IF(H71=0,"",4700*SQRT(H71)) -> 24870.062 | K71: MPa | L71: Perfiles de acero estructural | R71: MPa | T71: MPa | W71: ASTM A572 Gr. 50
B72: Zapatas | H72: 21 | I72: MPa | J72: =IF(H72=0,"",4700*SQRT(H72)) -> 21538.106 | K72: MPa | L72: Láminas | R72: MPa | T72: MPa | W72: ASTM A193 Gr, B7
B73: Caissons | H73: 21 | I73: MPa | J73: =IF(H73=0,"",4700*SQRT(H73)) -> 21538.106 | K73: MPa | L73: Perfiles de lámina delgada | R73: MPa | T73: MPa
B74: Muros de contención | H74: 21 | I74: MPa | J74: =IF(H74=0,"",4700*SQRT(H74)) -> 21538.106 | K74: MPa | L74: Anclajes estructurales | R74: MPa | T74: MPa
B75: Pantallas | H75: 21 | I75: MPa | J75: =IF(H75=0,"",4700*SQRT(H75)) -> 21538.106 | K75: MPa | L75: Pernos | R75: MPa | T75: MPa
B76: Vigas de cimentación | H76: 21 | I76: MPa | J76: =IF(H76=0,"",4700*SQRT(H76)) -> 21538.106 | K76: MPa | L76: Soldadura | R76: MPa | T76: MPa
B78: 3. MAMPOSTERÍA
B79: Bloque del muro
B80: Material | H80: Arcilla
B81: Factor absorción unidad | H81: Kp | J81: =IF(H80="Concreto",1.4,0.8) -> 0.8
B82: Factor absorción unidad inyectada | H82: Kr | J82: =IF(H80="Concreto",0.9,0.75) -> 0.75
B83: Ancho de la unidad | H83: t | J83: 120 | K83: mm
B84: Largo de la unidad | H84: l | J84: 300 | K84: mm
B85: Alto de la unidad | H85: h | J85: 150 | K85: mm
B86: Área neta | H86: An | J86: =J84*J83/10/10 -> 360 | K86: cm2
B87: Área de vacíos | H87: Av | J87: =80*2+16 -> 176 | K87: cm2
B88: Área bruta | H88: Ab | J88: =J86-J87 -> 184 | K88: mm2
B89: Espaciamiento del relleno | J89: 1200 | K89: mm | W89: EQUIPO DE PROCESAMIENTO Y ANÁLISIS
B90: Relación de áreas | H90: r' | J90: =J88/J86 -> 0.51111111
B91: Relación de áreas | H91: r | J91: =J90+(1-J90)*J84/(2*J89) -> 0.57222222
B92: Resistencia de la unidad | H92: f'cu | J92: 18 | K92: MPa
B93: Tipo del mortero de pega | H93: M
B94: Resistencia del mortero de pega | H94: f'cp | J94: =IF(H93="H",22.5,IF(H93="M",17.5,12.5)) -> 17.5 | K94: MPa
B95: Resistencia del mortero de inyección | H95: f'cr | J95: 12.5 | K95: MPa
B96: Acero de refuerzo | H96: fy | J96: 420 | K96: MPa
H97: Rm | J97: =MAX((2*J85)/(75+3*J85)*J92+50*J81/(75+3*J85)*J94,0.8*J92) -> 14.4 | K97: MPa
B98: Resistencia del murete | H98: f'm | J98: =MAX(0.75*(J91*J97+0.9*J82*(1-J91)*J95),0.94*J97) -> 13.536 | K98: MPa
W100: Etabs V.19.
B101: INFORMACIÓN ADICIONAL
W102: El software de diseña tiene considerados los siguientes principios de análisis.
B103: Alcance del documento
W104: Los análisis dinámicos de ETABS incluyen el cálculo de modos de vibración a través de Ritz o Eigen vectors, análisis de espectros de respuesta y "time-history", tanto para comportamiento lineal como no lineal. El análisis modal por “eigen-vector” encuentra los modos de vibración natural de la estructura y puede utilizarse para una mejor percepción del comportamiento de la misma, y también para la superposición modal de los análisis de espectro de respuesta y "time-history modal". El análisis modal por “ritz-vectors” encuentra los mejores modos de vibración para captar el comportamiento estructural en los análisis de espectro de respuesta y "time-history modal”, resultando más eficiente que el análisis por “eigen-vector”. El análisis modal por “eigen-vector” encuentra los modos de vibración natural de la estructura y puede utilizarse para una mejor percepción del comportamiento de la misma, y también para la superposición modal de los análisis de espectro de respuesta y "time-history modal". El análisis modal por “ritz-vectors” encuentra los mejores modos de vibración para captar el comportamiento estructural en los análisis de espectro de respuesta y "time-history modal”, resultando más eficiente que el análisis por “eigen-vector”.
C105: Diseño Estructura Metálica:
C106: Se encuentra fuera del alcance del presente documento.
C108: Diseño estructura en Concreto Reforzado:
C109: Se encuentra dentro del alcance del presente documento.
C111: Diseño Estructura de Cimentación:
C112: Se encuentra dentro del alcance del presente documento.
C114: Diseño de elementos No Estructurales:
C115: Se encuentra fuera del alcance de este documento.
W117: Información geotécnica
W119: Los parámetros sísmicos y recomendaciones para la cimentación fueron tomados del documento "CONSTRUCCIÓN NUEVA TRES NIVELES CON ALTILLO PARA VIVIENDA BIFAMILIAR Y COMERCIO CARRERA 5 # 5 - 02 BARRIO CENTRO MIRANDA - CAUCA" suministrado por el Ingeniero Nelson Armando Fierro Perez
B129: Combinaciones de carga
B131: Las combinaciones de diseño (ASD) empleadas en la verificación de los estados límites de servicio de los diferentes elementos del proyecto, según B.2.3 de la NSR-10, se presentan a continuación:
B134: (B.2.3-1) | D134: D + F
B135: (B.2.3-1) | D135: D + H + F + L + T
B136: (B.2.3-1) | D136: D + H + F + (LR o G o LE)
B137: (B.2.3-1) | D137: D + H + F + 0.75 (L + T) + 0.75 (LR o G o LE)
B138: (B.2.3-1) | D138: D + H + F + W
B139: (B.2.3-1) | D139: D + H + F + 0.7E
B140: (B.2.3-1) | D140: D + H + F + 0.75W + 0.75L + 0.75 (LR o G o LE)
...

Sheet 1. AVALÚO DE CARGAS
A1: ='0. CARTA RESPONSABILIDAD'!A1 -> Memoria de cálculos estructurales | F1: Proyecto: | H1: ='0. CARTA RESPONSABILIDAD'!H1 -> EDIFICACIÓN LOCALES COMERCIALES | O1: Fecha: | Q1: ='0. CARTA RESPONSABILIDAD'!Q1 -> Mayo de 2025
O2: Diseño: | Q2: ='0. CARTA RESPONSABILIDAD'!Q2
F3: Contiene: | H3: DEFINICIÓN DE CARGAS | O3: Revisión: | Q3: ='0. CARTA RESPONSABILIDAD'!Q3 -> R0
B5: 1. DEFINICIÓN DE CARGAS
B8: 1.1 Cargas muertas
B10: Las cargas muertas consideradas para el diseño de la estructura son debidas al sistema de red contraincendios, redes eléctricas, hidráulicas y sanitarias, elementos menores, entre otros. El peso propio de los elementos estructurales es considerado automáticamente por el software de diseño estructural.
C14: Cargas muertas - peso propio entrepiso
D15: t total | H15: 45 | I15: cm | K15: Espesor losa | W15: Cargas de entrepiso
D16: t loseta sup. | H16: 5 | I16: cm | K16: Espesor loseta superior | W16: Acabados h=5cm | AC16: =2400*0.05 -> 120 | AD16: Kg/m2 = | AF16: =AC16*10/1000 -> 1.2 | AG16: KN/m2
D17: t loseta inf. | H17: 0 | I17: cm | K17: Espesor loseta inferior | W17: Instalaciones | AC17: 5 | AD17: Kg/m2 = | AF17: =AC17*10/1000 -> 0.05 | AG17: KN/m2
D18: S viguetas | H18: 120 | I18: cm | K18: Separación viguetas | W18: Muros y divisiones | AC18: 180 | AD18: Kg/m2 = | AF18: =AC18*10/1000 -> 1.8 | AG18: KN/m2
D19: b viguetas | H19: 12 | I19: cm | K19: Ancho viguetas
D20: S riostras | H20: 337.5 | I20: cm | K20: Separación riostras | W20: Total | AC20: =SUM(AC16:AC18) -> 305 | AD20: Kg/m2 = | AF20: =AC20*10/1000 -> 3.05 | AG20: KN/m2
D21: b riostras | H21: 10 | I21: cm | K21: Ancho riostras
D22: Peso Loseta superior | H22: =H16*2400/100 -> 120 | I22: Kg/m2 = | K22: =H22*10/1000 -> 1.2 | L22: KN/m2
D23: Peso Loseta inferior | H23: =H17*2400/100 -> 0 | I23: Kg/m2 = | K23: =H23*10/1000 -> 0 | L23: KN/m2
D24: Peso viguetas | H24: =(H15-H16-H17)/100*(H19/100)*2400*100/(H18) -> 96 | I24: Kg/m2 = | K24: =H24*10/1000 -> 0.96 | L24: KN/m2
D25: Peso viguetas | H25: =IF(H20=0,0,(H15-H16-H17)/100*(H21/100)*2400*100/(H20)) -> 28.444444 | I25: Kg/m2 = | K25: =H25*10/1000 -> 0.28444444 | L25: KN/m2
D27: Peso propio total losa | H27: =SUM(H22:H25) -> 244.44444 | I27: Kg/m2 = | K27: =H27*10/1000 -> 2.4444444 | L27: KN/m2
C29: Cargas muertas - sobreimpuestas | AK29: Interpolación
D30: Acabados h=5cm | H30: =2400*0.05 -> 120 | I30: Kg/m2 = | K30: =H30*10/1000 -> 1.2 | L30: KN/m2
D31: Instalaciones | H31: 50 | I31: Kg/m2 = | K31: =H31*10/1000 -> 0.5 | L31: KN/m2 | AK31: Espesor | AM31: 10 | AN31: 12 | AO31: 15
D32: Muros y divisiones | H32: 0 | I32: Kg/m2 = | K32: =H32*10/1000 -> 0 | L32: KN/m2 | AM32: 180 | AN32: =AO32-(AO32-AM32)*(AO31-AN31)/(AO31-AM31) -> 208 | AO32: 250
D33: Cielo falso | H33: 10 | I33: Kg/m2 = | K33: =H33*10/1000 -> 0.1 | L33: KN/m2
D35: Total | H35: =SUM(H30:H33) -> 180 | I35: Kg/m2 = | K35: =SUM(K30:K33) -> 1.8 | L35: KN/m2
C37: Cargas muertas - fachadas
D38: Muros de fachada | H38: 180 | I38: Kg/m2 = | K38: =H38*10/1000 -> 1.8 | L38: KN/m2
D39: Altura promedio | H39: 2.6 | I39: m
D40: Carga lineal | H40: =+H38*H39 -> 468 | I40: Kg/m = | K40: =H40*10/1000 -> 4.68 | L40: KN/m
D42: Mampostería de bloque de arcilla, de espesor 10cm, pañetado en ambas caras.
AT43: Muros de antepecho | AX43: 208 | AY43: Kg/m2 = | BA43: =AX43*10/1000 -> 2.08 | BB43: KN/m2
AT44: Altura promedio | AX44: 1.2 | AY44: m
B45: 1.2 Cargas vivas | AH45: Cargas muertas - cubierta | AT45: Carga lineal | AX45: =+AX43*AX44 -> 249.6 | AY45: Kg/m = | BA45: =AX45*10/1000 -> 2.496 | BB45: KN/m
W46: Cargas muertas - cubierta | AI46: Teja | AM46: 15 | AN46: Kg/m2 = | AP46: =AM46*10/1000 -> 0.15 | AQ46: KN/m2
B47: Según la Tabla B.4.2.1-1 de la NSR-10, se deben considerar cargas uniformemente repartidas en la estructura debida al uso, las cuales se definen en magnitud según el tipo de ocupación del edificio o área de entrepiso. Por lo tanto, para los diferentes niveles y ocupaciones del proyecto se presentan las siguientes cargas vivas implementadas: | X47: Teja | AB47: 0 | AC47: Kg/m2 = | AE47: =AB47*10/1000 -> 0 | AF47: KN/m2 | AI47: Instalaciones | AM47: 5 | AN47: Kg/m2 = | AP47: =AM47*10/1000 -> 0.05 | AQ47: KN/m2
X48: Instalaciones | AB48: 0 | AC48: Kg/m2 = | AE48: =AB48*10/1000 -> 0 | AF48: KN/m2 | AI48: Total | AM48: =SUM(AM46:AM47) -> 20 | AN48: Kg/m2 = | AP48: =AM48*10/1000 -> 0.2 | AQ48: KN/m2
B51: Carga viva entrepiso - zona de locales* | H51: 350 | I51: Kg/m2 = | K51: =H51*10/1000 -> 3.5 | L51: KN/m2 | N51: A petición del cliente.
B52: Carga viva cubierta inclinación <15° | H52: 50 | I52: Kg/m2 = | K52: =H52*10/1000 -> 0.5 | L52: KN/m2 | AL52: 21.75
AL53: 12.1
AL54: 7.1
AL56: =SUM(AL52:AL54) -> 40.95
W60: 1.3 Cargas de viento
Y62: Carga de viento a succión | AC62: 40 | AD62: Kg/m2 = | AF62: =AC62*10/1000 -> 0.4 | AG62: KN/m2 | AK62: =+AF62*1.2 -> 0.48
Y63: Carga de viento a presión | AC63: 40 | AD63: Kg/m2 = | AF63: =AC63*10/1000 -> 0.4 | AG63: KN/m2
X69: Se calculan las cargas de viento usando el software Arquimet 2.0.

Sheet 2. CONFIGURACIÓN
A1: ='0. CARTA RESPONSABILIDAD'!A1 -> Memoria de cálculos estructurales | F1: Proyecto: | H1: ='0. CARTA RESPONSABILIDAD'!H1 -> EDIFICACIÓN LOCALES COMERCIALES | O1: Fecha: | Q1: ='0. CARTA RESPONSABILIDAD'!Q1 -> Mayo de 2025
O2: Diseño: | Q2: ='0. CARTA RESPONSABILIDAD'!Q2
F3: Contiene: | H3: CONFIGURACIÓN DE LA ESTRUCTURA | O3: Revisión: | Q3: ='0. CARTA RESPONSABILIDAD'!Q3 -> R0
B5: 2. CONFIGURACIÓN
B49: Planta nivel N+5.00
B107: Planta nivel N+8.10
B150: Elevación eje A y C
B172: Elevación eje B

Sheet 3. ESPECTRO
A1: ='0. CARTA RESPONSABILIDAD'!A1 -> Memoria de cálculos estructurales | F1: Proyecto: | H1: ='0. CARTA RESPONSABILIDAD'!H1 -> EDIFICACIÓN LOCALES COMERCIALES | O1: Fecha: | Q1: ='0. CARTA RESPONSABILIDAD'!Q1 -> Mayo de 2025 | AP1: ESPECTRO NSR10 | AT1: ESPECTRO MZSC | AZ1: Escogido | BA1: =IF(F16="NSR 10",AP1,AT1) -> ESPECTRO NSR10
O2: Diseño: | Q2: ='0. CARTA RESPONSABILIDAD'!Q2 | W2: 1 | X2: 2 | Y2: 3 | Z2: 4 | AA2: 5 | AB2: 6 | AC2: 7 | AD2: 8 | AE2: 9 | AF2: 10 | AG2: 11 | AH2: 12 | AI2: 13 | AL2: NSR 10 | AP2: T | AQ2: Sa | AT2: T | AU2: Sa1 | AV2: Sa2 | AW2: Sa | AZ2: T | BA2: Sa
F3: Contiene: | H3: PARÁMETROS SÍSMICOS | O3: Revisión: | Q3: ='0. CARTA RESPONSABILIDAD'!Q3 -> R0 | AL3: Tc | AM3: =0.48*M21*M24/(M20*M23) -> 0.84744828 | AP3: 0 | AQ3: =IF(AP3<$AM$3,2.5*$M$20*$M$23,IF(AND(AP3>=$AM$3,AP3<$AM$4),1.2*$M$21*$M$24/AP3,1.2*$M$21*$M$24*$AM$4/AP3^2)) -> 0.90625 | AT3: 0 | AU3: =IF(AT3<$AM$8,2.5*$M$20*$M$23*$F$18,IF(AND(AT3>=$AM$8,AT3<$AM$9),1.2*$M$21*$M$24*$F$18/AT3,1.2*$M$21*$M$24*$AM$9*$F$18/AT3^2)) -> #N/A | AV3: =IF(AT3<$AN$8,2.5*$M$20*$AH$76*$F$18,IF(AND(AT3>=$AN$8,AT3<$AN$9),1.2*$M$21*$AH$77*$F$18/AT3,1.2*$M$21*$AH$77*$AN$9*$F$18/AT3^2)) -> #N/A | AW3: =MAX(AU3:AV3) -> #N/A | AZ3: 0 | BA3: =IF($F$16="NSR 10",AQ3,AW3) -> 0.90625
W4: Fa - Tabla A.2.4-3 | AL4: TL | AM4: =2.4*M24 -> 7.68 | AP4: =AP3+0.05 -> 0.05 | AQ4: =IF(AP4<$AM$3,2.5*$M$20*$M$23,IF(AND(AP4>=$AM$3,AP4<$AM$4),1.2*$M$21*$M$24/AP4,1.2*$M$21*$M$24*$AM$4/AP4^2)) -> 0.90625 | AT4: =AT3+0.05 -> 0.05 | AU4: =IF(AT4<$AM$8,2.5*$M$20*$M$23*$F$18,IF(AND(AT4>=$AM$8,AT4<$AM$9),1.2*$M$21*$M$24*$F$18/AT4,1.2*$M$21*$M$24*$AM$9*$F$18/AT4^2)) -> #N/A | AV4: =IF(AT4<$AN$8,2.5*$M$20*$AH$76*$F$18,IF(AND(AT4>=$AN$8,AT4<$AN$9),1.2*$M$21*$AH$77*$F$18/AT4,1.2*$M$21*$AH$77*$AN$9*$F$18/AT4^2)) -> #N/A | AW4: =MAX(AU4:AV4) -> #N/A | AZ4: =AZ3+0.05 -> 0.05 | BA4: =IF($F$16="NSR 10",AQ4,AW4) -> 0.90625
B5: 3. PARÁMETROS SÍSMICOS | W5: Perfil de suelo | X5: Aa | AI5: Aa | AP5: =AP4+0.05 -> 0.1 | AQ5: =IF(AP5<$AM$3,2.5*$M$20*$M$23,IF(AND(AP5>=$AM$3,AP5<$AM$4),1.2*$M$21*$M$24/AP5,1.2*$M$21*$M$24*$AM$4/AP5^2)) -> 0.90625 | AT5: =AT4+0.05 -> 0.1 | AU5: =IF(AT5<$AM$8,2.5*$M$20*$M$23*$F$18,IF(AND(AT5>=$AM$8,AT5<$AM$9),1.2*$M$21*$M$24*$F$18/AT5,1.2*$M$21*$M$24*$AM$9*$F$18/AT5^2)) -> #N/A | AV5: =IF(AT5<$AN$8,2.5*$M$20*$AH$76*$F$18,IF(AND(AT5>=$AN$8,AT5<$AN$9),1.2*$M$21*$AH$77*$F$18/AT5,1.2*$M$21*$AH$77*$AN$9*$F$18/AT5^2)) -> #N/A | AW5: =MAX(AU5:AV5) -> #N/A | AZ5: =AZ4+0.05 -> 0.1 | BA5: =IF($F$16="NSR 10",AQ5,AW5) -> 0.90625
X6: 0.05 | Y6: =+X6+0.05 -> 0.1 | Z6: =+Y6+0.05 -> 0.15 | AA6: =+Z6+0.05 -> 0.2 | AB6: =+AA6+0.05 -> 0.25 | AC6: =+AB6+0.05 -> 0.3 | AD6: =+AC6+0.05 -> 0.35 | AE6: =+AD6+0.05 -> 0.4 | AF6: =+AE6+0.05 -> 0.45 | AG6: =+AF6+0.05 -> 0.5 | AI6: =M20 -> 0.25 | AL6: MZSC | AP6: =AP5+0.05 -> 0.15 | AQ6: =IF(AP6<$AM$3,2.5*$M$20*$M$23,IF(AND(AP6>=$AM$3,AP6<$AM$4),1.2*$M$21*$M$24/AP6,1.2*$M$21*$M$24*$AM$4/AP6^2)) -> 0.90625 | AT6: =AT5+0.05 -> 0.15 | AU6: =IF(AT6<$AM$8,2.5*$M$20*$M$23*$F$18,IF(AND(AT6>=$AM$8,AT6<$AM$9),1.2*$M$21*$M$24*$F$18/AT6,1.2*$M$21*$M$24*$AM$9*$F$18/AT6^2)) -> #N/A | AV6: =IF(AT6<$AN$8,2.5*$M$20*$AH$76*$F$18,IF(AND(AT6>=$AN$8,AT6<$AN$9),1.2*$M$21*$AH$77*$F$18/AT6,1.2*$M$21*$AH$77*$AN$9*$F$18/AT6^2)) -> #N/A | AW6: =MAX(AU6:AV6) -> #N/A | AZ6: =AZ5+0.05 -> 0.15 | BA6: =IF($F$16="NSR 10",AQ6,AW6) -> 0.90625
W7: A | X7: 0.8 | Y7: 0.8 | Z7: =AVERAGE(Y7,AA7) -> 0.8 | AA7: 0.8 | AB7: =AVERAGE(AA7,AC7) -> 0.8 | AC7: 0.8 | AD7: =AVERAGE(AC7,AE7) -> 0.8 | AE7: 0.8 | AF7: =AVERAGE(AE7,AG7) -> 0.8 | AG7: 0.8 | AI7: =HLOOKUP(AI$6,$X6:$AG7,2,) -> 0.8 | AM7: 1 | AN7: 2 | AP7: =AP6+0.05 -> 0.2 | AQ7: =IF(AP7<$AM$3,2.5*$M$20*$M$23,IF(AND(AP7>=$AM$3,AP7<$AM$4),1.2*$M$21*$M$24/AP7,1.2*$M$21*$M$24*$AM$4/AP7^2)) -> 0.90625 | AT7: =AT6+0.05 -> 0.2 | AU7: =IF(AT7<$AM$8,2.5*$M$20*$M$23*$F$18,IF(AND(AT7>=$AM$8,AT7<$AM$9),1.2*$M$21*$M$24*$F$18/AT7,1.2*$M$21*$M$24*$AM$9*$F$18/AT7^2)) -> #N/A | AV7: =IF(AT7<$AN$8,2.5*$M$20*$AH$76*$F$18,IF(AND(AT7>=$AN$8,AT7<$AN$9),1.2*$M$21*$AH$77*$F$18/AT7,1.2*$M$21*$AH$77*$AN$9*$F$18/AT7^2)) -> #N/A | AW7: =MAX(AU7:AV7) -> #N/A | AZ7: =AZ6+0.05 -> 0.2 | BA7: =IF($F$16="NSR 10",AQ7,AW7) -> 0.90625
B8: ="Para la evaluación de la carga sísmica en la bodega se tiene en cuenta que el proyecto se encuentra ubicado en el municipio de "&'0. INICIO'!L9&", el cual, según el apéndice A-4 (Valores de Aa, Av, Ae y Ad y definición de la zona de amenaza sísmica de los municipios colombianos), se presenta como una zona de amenaza sísmica "&'0. INICIO'!L22&". Así mismo, teniendo en cuenta la información suministrada en el informe geotécnico, se obtienen los coeficientes necesarios para considerar los fectos de sitio (Aa y Av)." -> Para la evaluación de la carga sísmica en la bodega se tiene en cuenta que el proyecto se encuentra ubicado en el municipio de Miranda, Cauca, el cual, según el apéndice A-4 (Valores de Aa, Av, Ae y Ad y definición de la zona de amenaza sísmica de los municipios colombianos), se presenta como una zona de amenaza sísmica ALTA. Así mismo, teniendo en cuenta la información suministrada en el informe geotécnico, se obtienen los coeficientes necesarios para considerar los fectos de sitio (Aa y Av). | W8: B | X8: 1 | Y8: 1 | Z8: =AVERAGE(Y8,AA8) -> 1 | AA8: 1 | AB8: =AVERAGE(AA8,AC8) -> 1 | AC8: 1 | AD8: =AVERAGE(AC8,AE8) -> 1 | AE8: 1 | AF8: =AVERAGE(AE8,AG8) -> 1 | AG8: 1 | AI8: =HLOOKUP(AI$6,$X6:$AG8,3,) -> 1 | AL8: Tc | AM8: =VLOOKUP($F$17,$W$25:$Y$34,3,) -> #N/A | AN8: =VLOOKUP($F$17,$W$39:$Y$48,3,) -> #N/A | AP8: =AP7+0.05 -> 0.25 | AQ8: =IF(AP8<$AM$3,2.5*$M$20*$M$23,IF(AND(AP8>=$AM$3,AP8<$AM$4),1.2*$M$21*$M$24/AP8,1.2*$M$21*$M$24*$AM$4/AP8^2)) -> 0.90625 | AT8: =AT7+0.05 -> 0.25 | AU8: =IF(AT8<$AM$8,2.5*$M$20*$M$23*$F$18,IF(AND(AT8>=$AM$8,AT8<$AM$9),1.2*$M$21*$M$24*$F$18/AT8,1.2*$M$21*$M$24*$AM$9*$F$18/AT8^2)) -> #N/A | AV8: =IF(AT8<$AN$8,2.5*$M$20*$AH$76*$F$18,IF(AND(AT8>=$AN$8,AT8<$AN$9),1.2*$M$21*$AH$77*$F$18/AT8,1.2*$M$21*$AH$77*$AN$9*$F$18/AT8^2)) -> #N/A | AW8: =MAX(AU8:AV8) -> #N/A | AZ8: =AZ7+0.05 -> 0.25 | BA8: =IF($F$16="NSR 10",AQ8,AW8) -> 0.90625
W9: C | X9: 1.2 | Y9: 1.2 | Z9: =AVERAGE(Y9,AA9) -> 1.2 | AA9: 1.2 | AB9: =AVERAGE(AA9,AC9) -> 1.15 | AC9: 1.1 | AD9: =AVERAGE(AC9,AE9) -> 1.05 | AE9: 1 | AF9: =AVERAGE(AE9,AG9) -> 1 | AG9: 1 | AI9: =HLOOKUP(AI$6,$X6:$AG9,4,) -> 1.15 | AL9: Tl | AM9: =VLOOKUP($F$17,$W$25:$AA$34,5,) -> #N/A | AN9: =VLOOKUP($F$17,$W$39:$AA$48,5,) -> #N/A | AP9: =AP8+0.05 -> 0.3 | AQ9: =IF(AP9<$AM$3,2.5*$M$20*$M$23,IF(AND(AP9>=$AM$3,AP9<$AM$4),1.2*$M$21*$M$24/AP9,1.2*$M$21*$M$24*$AM$4/AP9^2)) -> 0.90625 | AT9: =AT8+0.05 -> 0.3 | AU9: =IF(AT9<$AM$8,2.5*$M$20*$M$23*$F$18,IF(AND(AT9>=$AM$8,AT9<$AM$9),1.2*$M$21*$M$24*$F$18/AT9,1.2*$M$21*$M$24*$AM$9*$F$18/AT9^2)) -> #N/A | AV9: =IF(AT9<$AN$8,2.5*$M$20*$AH$76*$F$18,IF(AND(AT9>=$AN$8,AT9<$AN$9),1.2*$M$21*$AH$77*$F$18/AT9,1.2*$M$21*$AH$77*$AN$9*$F$18/AT9^2)) -> #N/A | AW9: =MAX(AU9:AV9) -> #N/A | AZ9: =AZ8+0.05 -> 0.3 | BA9: =IF($F$16="NSR 10",AQ9,AW9) -> 0.90625
W10: D | X10: 1.6 | Y10: 1.6 | Z10: =AVERAGE(Y10,AA10) -> 1.5 | AA10: 1.4 | AB10: =AVERAGE(AA10,AC10) -> 1.3 | AC10: 1.2 | AD10: =AVERAGE(AC10,AE10) -> 1.15 | AE10: 1.1 | AF10: =AVERAGE(AE10,AG10) -> 1.05 | AG10: 1 | AI10: =HLOOKUP(AI$6,$X6:$AG10,5,) -> 1.3 | AP10: =AP9+0.05 -> 0.35 | AQ10: =IF(AP10<$AM$3,2.5*$M$20*$M$23,IF(AND(AP10>=$AM$3,AP10<$AM$4),1.2*$M$21*$M$24/AP10,1.2*$M$21*$M$24*$AM$4/AP10^2)) -> 0.90625 | AT10: =AT9+0.05 -> 0.35 | AU10: =IF(AT10<$AM$8,2.5*$M$20*$M$23*$F$18,IF(AND(AT10>=$AM$8,AT10<$AM$9),1.2*$M$21*$M$24*$F$18/AT10,1.2*$M$21*$M$24*$AM$9*$F$18/AT10^2)) -> #N/A | AV10: =IF(AT10<$AN$8,2.5*$M$20*$AH$76*$F$18,IF(AND(AT10>=$AN$8,AT10<$AN$9),1.2*$M$21*$AH$77*$F$18/AT10,1.2*$M$21*$AH$77*$AN$9*$F$18/AT10^2)) -> #N/A | AW10: =MAX(AU10:AV10) -> #N/A | AZ10: =AZ9+0.05 -> 0.35 | BA10: =IF($F$16="NSR 10",AQ10,AW10) -> 0.90625
W11: E | X11: 2.5 | Y11: 2.5 | Z11: =AVERAGE(Y11,AA11) -> 2.1 | AA11: 1.7 | AB11: =AVERAGE(AA11,AC11) -> 1.45 | AC11: 1.2 | AD11: =AVERAGE(AC11,AE11) -> 1.05 | AE11: 0.9 | AF11: =AVERAGE(AE11,AG11) -> 0.9 | AG11: 0.9 | AI11: =HLOOKUP(AI$6,$X6:$AG11,6,) -> 1.45 | AP11: =AP10+0.05 -> 0.4 | AQ11: =IF(AP11<$AM$3,2.5*$M$20*$M$23,IF(AND(AP11>=$AM$3,AP11<$AM$4),1.2*$M$21*$M$24/AP11,1.2*$M$21*$M$24*$AM$4/AP11^2)) -> 0.90625 | AT11: =AT10+0.05 -> 0.4 | AU11: =IF(AT11<$AM$8,2.5*$M$20*$M$23*$F$18,IF(AND(AT11>=$AM$8,AT11<$AM$9),1.2*$M$21*$M$24*$F$18/AT11,1.2*$M$21*$M$24*$AM$9*$F$18/AT11^2)) -> #N/A | AV11: =IF(AT11<$AN$8,2.5*$M$20*$AH$76*$F$18,IF(AND(AT11>=$AN$8,AT11<$AN$9),1.2*$M$21*$AH$77*$F$18/AT11,1.2*$M$21*$AH$77*$AN$9*$F$18/AT11^2)) -> #N/A | AW11: =MAX(AU11:AV11) -> #N/A | AZ11: =AZ10+0.05 -> 0.4 | BA11: =IF($F$16="NSR 10",AQ11,AW11) -> 0.90625
AP12: =AP11+0.05 -> 0.45 | AQ12: =IF(AP12<$AM$3,2.5*$M$20*$M$23,IF(AND(AP12>=$AM$3,AP12<$AM$4),1.2*$M$21*$M$24/AP12,1.2*$M$21*$M$24*$AM$4/AP12^2)) -> 0.90625 | AT12: =AT11+0.05 -> 0.45 | AU12: =IF(AT12<$AM$8,2.5*$M$20*$M$23*$F$18,IF(AND(AT12>=$AM$8,AT12<$AM$9),1.2*$M$21*$M$24*$F$18/AT12,1.2*$M$21*$M$24*$AM$9*$F$18/AT12^2)) -> #N/A | AV12: =IF(AT12<$AN$8,2.5*$M$20*$AH$76*$F$18,IF(AND(AT12>=$AN$8,AT12<$AN$9),1.2*$M$21*$AH$77*$F$18/AT12,1.2*$M$21*$AH$77*$AN$9*$F$18/AT12^2)) -> #N/A | AW12: =MAX(AU12:AV12) -> #N/A | AZ12: =AZ11+0.05 -> 0.45 | BA12: =IF($F$16="NSR 10",AQ12,AW12) -> 0.90625
B13: Con base en los coeficientes asumidos anteriormente, se construye el espectro de diseño según A.2.6 de la NSR-10 para un coeficiente de amortiguamiento del 5% del amortiguamiento crítico expresado en función de la gravedad (g). | W13: Fv - Tabla A.2.4-4 | AP13: =AP12+0.05 -> 0.5 | AQ13: =IF(AP13<$AM$3,2.5*$M$20*$M$23,IF(AND(AP13>=$AM$3,AP13<$AM$4),1.2*$M$21*$M$24/AP13,1.2*$M$21*$M$24*$AM$4/AP13^2)) -> 0.90625 | AT13: =AT12+0.05 -> 0.5 | AU13: =IF(AT13<$AM$8,2.5*$M$20*$M$23*$F$18,IF(AND(AT13>=$AM$8,AT13<$AM$9),1.2*$M$21*$M$24*$F$18/AT13,1.2*$M$21*$M$24*$AM$9*$F$18/AT13^2)) -> #N/A | AV13: =IF(AT13<$AN$8,2.5*$M$20*$AH$76*$F$18,IF(AND(AT13>=$AN$8,AT13<$AN$9),1.2*$M$21*$AH$77*$F$18/AT13,1.2*$M$21*$AH$77*$AN$9*$F$18/AT13^2)) -> #N/A | AW13: =MAX(AU13:AV13) -> #N/A | AZ13: =AZ12+0.05 -> 0.5 | BA13: =IF($F$16="NSR 10",AQ13,AW13) -> 0.90625
W14: Perfil de suelo | X14: Av | AI14: Av | AP14: =AP13+0.05 -> 0.55 | AQ14: =IF(AP14<$AM$3,2.5*$M$20*$M$23,IF(AND(AP14>=$AM$3,AP14<$AM$4),1.2*$M$21*$M$24/AP14,1.2*$M$21*$M$24*$AM$4/AP14^2)) -> 0.90625 | AT14: =AT13+0.05 -> 0.55 | AU14: =IF(AT14<$AM$8,2.5*$M$20*$M$23*$F$18,IF(AND(AT14>=$AM$8,AT14<$AM$9),1.2*$M$21*$M$24*$F$18/AT14,1.2*$M$21*$M$24*$AM$9*$F$18/AT14^2)) -> #N/A | AV14: =IF(AT14<$AN$8,2.5*$M$20*$AH$76*$F$18,IF(AND(AT14>=$AN$8,AT14<$AN$9),1.2*$M$21*$AH$77*$F$18/AT14,1.2*$M$21*$AH$77*$AN$9*$F$18/AT14^2)) -> #N/A | AW14: =MAX(AU14:AV14) -> #N/A | AZ14: =AZ13+0.05 -> 0.55 | BA14: =IF($F$16="NSR 10",AQ14,AW14) -> 0.90625
X15: 0.05 | Y15: =+X15+0.05 -> 0.1 | Z15: =+Y15+0.05 -> 0.15 | AA15: =+Z15+0.05 -> 0.2 | AB15: =+AA15+0.05 -> 0.25 | AC15: =+AB15+0.05 -> 0.3 | AD15: =+AC15+0.05 -> 0.35 | AE15: =+AD15+0.05 -> 0.4 | AF15: =+AE15+0.05 -> 0.45 | AG15: =+AF15+0.05 -> 0.5 | AI15: =M21 -> 0.2 | AP15: =AP14+0.05 -> 0.6 | AQ15: =IF(AP15<$AM$3,2.5*$M$20*$M$23,IF(AND(AP15>=$AM$3,AP15<$AM$4),1.2*$M$21*$M$24/AP15,1.2*$M$21*$M$24*$AM$4/AP15^2)) -> 0.90625 | AT15: =AT14+0.05 -> 0.6 | AU15: =IF(AT15<$AM$8,2.5*$M$20*$M$23*$F$18,IF(AND(AT15>=$AM$8,AT15<$AM$9),1.2*$M$21*$M$24*$F$18/AT15,1.2*$M$21*$M$24*$AM$9*$F$18/AT15^2)) -> #N/A | AV15: =IF(AT15<$AN$8,2.5*$M$20*$AH$76*$F$18,IF(AND(AT15>=$AN$8,AT15<$AN$9),1.2*$M$21*$AH$77*$F$18/AT15,1.2*$M$21*$AH$77*$AN$9*$F$18/AT15^2)) -> #N/A | AW15: =MAX(AU15:AV15) -> #N/A | AZ15: =AZ14+0.05 -> 0.6 | BA15: =IF($F$16="NSR 10",AQ15,AW15) -> 0.90625
B16: ESPECTRO DE DISEÑO | F16: ='0. INICIO'!L18 -> NSR 10 | W16: A | Y16: 0.8 | Z16: =AVERAGE(Y16,AA16) -> 0.8 | AA16: 0.8 | AB16: =AVERAGE(AA16,AC16) -> 0.8 | AC16: 0.8 | AD16: =AVERAGE(AC16,AE16) -> 0.8 | AE16: 0.8 | AF16: =AVERAGE(AE16,AG16) -> 0.8 | AG16: 0.8 | AI16: =HLOOKUP(AI$15,$X15:$AG16,2,) -> 0.8 | AP16: =AP15+0.05 -> 0.65 | AQ16: =IF(AP16<$AM$3,2.5*$M$20*$M$23,IF(AND(AP16>=$AM$3,AP16<$AM$4),1.2*$M$21*$M$24/AP16,1.2*$M$21*$M$24*$AM$4/AP16^2)) -> 0.90625 | AT16: =AT15+0.05 -> 0.65 | AU16: =IF(AT16<$AM$8,2.5*$M$20*$M$23*$F$18,IF(AND(AT16>=$AM$8,AT16<$AM$9),1.2*$M$21*$M$24*$F$18/AT16,1.2*$M$21*$M$24*$AM$9*$F$18/AT16^2)) -> #N/A | AV16: =IF(AT16<$AN$8,2.5*$M$20*$AH$76*$F$18,IF(AND(AT16>=$AN$8,AT16<$AN$9),1.2*$M$21*$AH$77*$F$18/AT16,1.2*$M$21*$AH$77*$AN$9*$F$18/AT16^2)) -> #N/A | AW16: =MAX(AU16:AV16) -> #N/A | AZ16: =AZ15+0.05 -> 0.65 | BA16: =IF($F$16="NSR 10",AQ16,AW16) -> 0.90625
B17: Perfil de suelo | F17: ='0. INICIO'!L19 -> E | W17: B | Y17: 1 | Z17: =AVERAGE(Y17,AA17) -> 1 | AA17: 1 | AB17: =AVERAGE(AA17,AC17) -> 1 | AC17: 1 | AD17: =AVERAGE(AC17,AE17) -> 1 | AE17: 1 | AF17: =AVERAGE(AE17,AG17) -> 1 | AG17: 1 | AI17: =HLOOKUP(AI$15,$X15:$AG17,3,) -> 1 | AP17: =AP16+0.05 -> 0.7 | AQ17: =IF(AP17<$AM$3,2.5*$M$20*$M$23,IF(AND(AP17>=$AM$3,AP17<$AM$4),1.2*$M$21*$M$24/AP17,1.2*$M$21*$M$24*$AM$4/AP17^2)) -> 0.90625 | AT17: =AT16+0.05 -> 0.7 | AU17: =IF(AT17<$AM$8,2.5*$M$20*$M$23*$F$18,IF(AND(AT17>=$AM$8,AT17<$AM$9),1.2*$M$21*$M$24*$F$18/AT17,1.2*$M$21*$M$24*$AM$9*$F$18/AT17^2)) -> #N/A | AV17: =IF(AT17<$AN$8,2.5*$M$20*$AH$76*$F$18,IF(AND(AT17>=$AN$8,AT17<$AN$9),1.2*$M$21*$AH$77*$F$18/AT17,1.2*$M$21*$AH$77*$AN$9*$F$18/AT17^2)) -> #N/A | AW17: =MAX(AU17:AV17) -> #N/A | AZ17: =AZ16+0.05 -> 0.7 | BA17: =IF($F$16="NSR 10",AQ17,AW17) -> 0.90625
B18: Coeficiente de Importancia | F18: ='0. INICIO'!L14 -> 1 | W18: C | Y18: 1.7 | Z18: =AVERAGE(Y18,AA18) -> 1.65 | AA18: 1.6 | AB18: =AVERAGE(AA18,AC18) -> 1.55 | AC18: 1.5 | AD18: =AVERAGE(AC18,AE18) -> 1.45 | AE18: 1.4 | AF18: =AVERAGE(AE18,AG18) -> 1.35 | AG18: 1.3 | AI18: =HLOOKUP(AI$15,$X15:$AG18,4,) -> 1.6 | AP18: =AP17+0.05 -> 0.75 | AQ18: =IF(AP18<$AM$3,2.5*$M$20*$M$23,IF(AND(AP18>=$AM$3,AP18<$AM$4),1.2*$M$21*$M$24/AP18,1.2*$M$21*$M$24*$AM$4/AP18^2)) -> 0.90625 | AT18: =AT17+0.05 -> 0.75 | AU18: =IF(AT18<$AM$8,2.5*$M$20*$M$23*$F$18,IF(AND(AT18>=$AM$8,AT18<$AM$9),1.2*$M$21*$M$24*$F$18/AT18,1.2*$M$21*$M$24*$AM$9*$F$18/AT18^2)) -> #N/A | AV18: =IF(AT18<$AN$8,2.5*$M$20*$AH$76*$F$18,IF(AND(AT18>=$AN$8,AT18<$AN$9),1.2*$M$21*$AH$77*$F$18/AT18,1.2*$M$21*$AH$77*$AN$9*$F$18/AT18^2)) -> #N/A | AW18: =MAX(AU18:AV18) -> #N/A | AZ18: =AZ17+0.05 -> 0.75 | BA18: =IF($F$16="NSR 10",AQ18,AW18) -> 0.90625
W19: D | Y19: 2.4 | Z19: =AVERAGE(Y19,AA19) -> 2.2 | AA19: 2 | AB19: =AVERAGE(AA19,AC19) -> 1.9 | AC19: 1.8 | AD19: =AVERAGE(AC19,AE19) -> 1.7 | AE19: 1.6 | AF19: =AVERAGE(AE19,AG19) -> 1.55 | AG19: 1.5 | AI19: =HLOOKUP(AI$15,$X15:$AG19,5,) -> 2 | AP19: =AP18+0.05 -> 0.8 | AQ19: =IF(AP19<$AM$3,2.5*$M$20*$M$23,IF(AND(AP19>=$AM$3,AP19<$AM$4),1.2*$M$21*$M$24/AP19,1.2*$M$21*$M$24*$AM$4/AP19^2)) -> 0.90625 | AT19: =AT18+0.05 -> 0.8 | AU19: =IF(AT19<$AM$8,2.5*$M$20*$M$23*$F$18,IF(AND(AT19>=$AM$8,AT19<$AM$9),1.2*$M$21*$M$24*$F$18/AT19,1.2*$M$21*$M$24*$AM$9*$F$18/AT19^2)) -> #N/A | AV19: =IF(AT19<$AN$8,2.5*$M$20*$AH$76*$F$18,IF(AND(AT19>=$AN$8,AT19<$AN$9),1.2*$M$21*$AH$77*$F$18/AT19,1.2*$M$21*$AH$77*$AN$9*$F$18/AT19^2)) -> #N/A | AW19: =MAX(AU19:AV19) -> #N/A | AZ19: =AZ18+0.05 -> 0.8 | BA19: =IF($F$16="NSR 10",AQ19,AW19) -> 0.90625
B20: Coeficiente de aceleración pico efectiva | L20: Aa | M20: ='0. INICIO'!M26 -> 0.25 | W20: E | Y20: 3.5 | Z20: =AVERAGE(Y20,AA20) -> 3.35 | AA20: 3.2 | AB20: =AVERAGE(AA20,AC20) -> 3 | AC20: 2.8 | AD20: =AVERAGE(AC20,AE20) -> 2.6 | AE20: 2.4 | AF20: =AVERAGE(AE20,AG20) -> 2.4 | AG20: 2.4 | AI20: =HLOOKUP(AI$15,$X15:$AG20,6,) -> 3.2 | AP20: =AP19+0.05 -> 0.85 | AQ20: =IF(AP20<$AM$3,2.5*$M$20*$M$23,IF(AND(AP20>=$AM$3,AP20<$AM$4),1.2*$M$21*$M$24/AP20,1.2*$M$21*$M$24*$AM$4/AP20^2)) -> 0.90352941 | AT20: =AT19+0.05 -> 0.85 | AU20: =IF(AT20<$AM$8,2.5*$M$20*$M$23*$F$18,IF(AND(AT20>=$AM$8,AT20<$AM$9),1.2*$M$21*$M$24*$F$18/AT20,1.2*$M$21*$M$24*$AM$9*$F$18/AT20^2)) -> #N/A | AV20: =IF(AT20<$AN$8,2.5*$M$20*$AH$76*$F$18,IF(AND(AT20>=$AN$8,AT20<$AN$9),1.2*$M$21*$AH$77*$F$18/AT20,1.2*$M$21*$AH$77*$AN$9*$F$18/AT20^2)) -> #N/A | AW20: =MAX(AU20:AV20) -> #N/A | AZ20: =AZ19+0.05 -> 0.85 | BA20: =IF($F$16="NSR 10",AQ20,AW20) -> 0.90352941
B21: Coeficiente de velocidad pico efectiva | L21: Av | M21: ='0. INICIO'!M27 -> 0.2 | AP21: =AP20+0.05 -> 0.9 | AQ21: =IF(AP21<$AM$3,2.5*$M$20*$M$23,IF(AND(AP21>=$AM$3,AP21<$AM$4),1.2*$M$21*$M$24/AP21,1.2*$M$21*$M$24*$AM$4/AP21^2)) -> 0.85333333 | AT21: =AT20+0.05 -> 0.9 | AU21: =IF(AT21<$AM$8,2.5*$M$20*$M$23*$F$18,IF(AND(AT21>=$AM$8,AT21<$AM$9),1.2*$M$21*$M$24*$F$18/AT21,1.2*$M$21*$M$24*$AM$9*$F$18/AT21^2)) -> #N/A | AV21: =IF(AT21<$AN$8,2.5*$M$20*$AH$76*$F$18,IF(AND(AT21>=$AN$8,AT21<$AN$9),1.2*$M$21*$AH$77*$F$18/AT21,1.2*$M$21*$AH$77*$AN$9*$F$18/AT21^2)) -> #N/A | AW21: =MAX(AU21:AV21) -> #N/A | AZ21: =AZ20+0.05 -> 0.9 | BA21: =IF($F$16="NSR 10",AQ21,AW21) -> 0.85333333
B22: Coeficiente de Importancia (A.2.5.2) | L22: I | M22: ='0. INICIO'!M28 -> 1 | W22: ESPECTRO DE PERIODO CORTO | AF22: MZSC | AP22: =AP21+0.05 -> 0.95 | AQ22: =IF(AP22<$AM$3,2.5*$M$20*$M$23,IF(AND(AP22>=$AM$3,AP22<$AM$4),1.2*$M$21*$M$24/AP22,1.2*$M$21*$M$24*$AM$4/AP22^2)) -> 0.80842105 | AT22: =AT21+0.05 -> 0.95 | AU22: =IF(AT22<$AM$8,2.5*$M$20*$M$23*$F$18,IF(AND(AT22>=$AM$8,AT22<$AM$9),1.2*$M$21*$M$24*$F$18/AT22,1.2*$M$21*$M$24*$AM$9*$F$18/AT22^2)) -> #N/A | AV22: =IF(AT22<$AN$8,2.5*$M$20*$AH$76*$F$18,IF(AND(AT22>=$AN$8,AT22<$AN$9),1.2*$M$21*$AH$77*$F$18/AT22,1.2*$M$21*$AH$77*$AN$9*$F$18/AT22^2)) -> #N/A | AW22: =MAX(AU22:AV22) -> #N/A | AZ22: =AZ21+0.05 -> 0.95 | BA22: =IF($F$16="NSR 10",AQ22,AW22) -> 0.80842105
B23: Coeficiente de amplificación de la aceleración (periodos cortos) | L23: Fa | M23: =IF(F16="NSR 10",AE24,AF24) -> 1.45 | W23: Microzona | Y23: Aa | Z23: 0.25 | AA23: Av | AB23: 0.25 | AE23: NSR | AF23: Tcortos | AG23: Tlargos | AJ23: Fa | AK23: =IF(F16="NSR 10",AE24,AF24) -> 1.45 | AP23: =AP22+0.05 -> 1 | AQ23: =IF(AP23<$AM$3,2.5*$M$20*$M$23,IF(AND(AP23>=$AM$3,AP23<$AM$4),1.2*$M$21*$M$24/AP23,1.2*$M$21*$M$24*$AM$4/AP23^2)) -> 0.768 | AT23: =AT22+0.05 -> 1 | AU23: =IF(AT23<$AM$8,2.5*$M$20*$M$23*$F$18,IF(AND(AT23>=$AM$8,AT23<$AM$9),1.2*$M$21*$M$24*$F$18/AT23,1.2*$M$21*$M$24*$AM$9*$F$18/AT23^2)) -> #N/A | AV23: =IF(AT23<$AN$8,2.5*$M$20*$AH$76*$F$18,IF(AND(AT23>=$AN$8,AT23<$AN$9),1.2*$M$21*$AH$77*$F$18/AT23,1.2*$M$21*$AH$77*$AN$9*$F$18/AT23^2)) -> #N/A | AW23: =MAX(AU23:AV23) -> #N/A | AZ23: =AZ22+0.05 -> 1 | BA23: =IF($F$16="NSR 10",AQ23,AW23) -> 0.768
B24: Coeficiente de amplificación de la aceleración (periodos intermedios) | L24: Fv | M24: =IF(F16="NSR 10",AE25,AF25) -> 3.2 | Y24: Tc | Z24: Fa | AA24: TL | AB24: Fv | AD24: Fa | AE24: =VLOOKUP($F$17,W7:AI11,13,) -> 1.45 | AF24: =VLOOKUP($F$17,$W$25:$Z$34,4,) -> #N/A | AG24: =VLOOKUP($F$17,$W$39:$Z$48,4,) -> #N/A | AJ24: Fv | AK24: =IF(F16="NSR 10",AE25,AF25) -> 3.2 | AP24: =AP23+0.05 -> 1.05 | AQ24: =IF(AP24<$AM$3,2.5*$M$20*$M$23,IF(AND(AP24>=$AM$3,AP24<$AM$4),1.2*$M$21*$M$24/AP24,1.2*$M$21*$M$24*$AM$4/AP24^2)) -> 0.73142857 | AT24: =AT23+0.05 -> 1.05 | AU24: =IF(AT24<$AM$8,2.5*$M$20*$M$23*$F$18,IF(AND(AT24>=$AM$8,AT24<$AM$9),1.2*$M$21*$M$24*$F$18/AT24,1.2*$M$21*$M$24*$AM$9*$F$18/AT24^2)) -> #N/A | AV24: =IF(AT24<$AN$8,2.5*$M$20*$AH$76*$F$18,IF(AND(AT24>=$AN$8,AT24<$AN$9),1.2*$M$21*$AH$77*$F$18/AT24,1.2*$M$21*$AH$77*$AN$9*$F$18/AT24^2)) -> #N/A | AW24: =MAX(AU24:AV24) -> #N/A | AZ24: =AZ23+0.05 -> 1.05 | BA24: =IF($F$16="NSR 10",AQ24,AW24) -> 0.73142857
B25: Límite para periodos de vibración largos (A.2.6.1.2) | L25: Tc | M25: =IF(F16="NSR 10",AM3,AM8) -> 0.84744828 | W25: 1 | Y25: 0.55 | Z25: 0.86 | AA25: 3 | AB25: 0.99 | AD25: Fv | AE25: =VLOOKUP($F$17,W16:AI20,13,) -> 3.2 | AF25: =VLOOKUP($F$17,$W$25:$AB$34,6,) -> #N/A | AG25: =VLOOKUP($F$17,$W$39:$AB$48,6,) -> #N/A | AP25: =AP24+0.05 -> 1.1 | AQ25: =IF(AP25<$AM$3,2.5*$M$20*$M$23,IF(AND(AP25>=$AM$3,AP25<$AM$4),1.2*$M$21*$M$24/AP25,1.2*$M$21*$M$24*$AM$4/AP25^2)) -> 0.69818182 | AT25: =AT24+0.05 -> 1.1 | AU25: =IF(AT25<$AM$8,2.5*$M$20*$M$23*$F$18,IF(AND(AT25>=$AM$8,AT25<$AM$9),1.2*$M$21*$M$24*$F$18/AT25,1.2*$M$21*$M$24*$AM$9*$F$18/AT25^2)) -> #N/A | AV25: =IF(AT25<$AN$8,2.5*$M$20*$AH$76*$F$18,IF(AND(AT25>=$AN$8,AT25<$AN$9),1.2*$M$21*$AH$77*$F$18/AT25,1.2*$M$21*$AH$77*$AN$9*$F$18/AT25^2)) -> #N/A | AW25: =MAX(AU25:AV25) -> #N/A | AZ25: =AZ24+0.05 -> 1.1 | BA25: =IF($F$16="NSR 10",AQ25,AW25) -> 0.69818182
B26: Límite para periodos de vibración cortos (A.2.6.1.1) | L26: Tl | M26: =IF(F16="NSR 10",AM4,AM9) -> 7.68 | W26: 2 | Y26: 0.45 | Z26: 1.2 | AA26: 3 | AB26: 1.13 | AP26: =AP25+0.05 -> 1.15 | AQ26: =IF(AP26<$AM$3,2.5*$M$20*$M$23,IF(AND(AP26>=$AM$3,AP26<$AM$4),1.2*$M$21*$M$24/AP26,1.2*$M$21*$M$24*$AM$4/AP26^2)) -> 0.66782609 | AT26: =AT25+0.05 -> 1.15 | AU26: =IF(AT26<$AM$8,2.5*$M$20*$M$23*$F$18,IF(AND(AT26>=$AM$8,AT26<$AM$9),1.2*$M$21*$M$24*$F$18/AT26,1.2*$M$21*$M$24*$AM$9*$F$18/AT26^2)) -> #N/A | AV26: =IF(AT26<$AN$8,2.5*$M$20*$AH$76*$F$18,IF(AND(AT26>=$AN$8,AT26<$AN$9),1.2*$M$21*$AH$77*$F$18/AT26,1.2*$M$21*$AH$77*$AN$9*$F$18/AT26^2)) -> #N/A | AW26: =MAX(AU26:AV26) -> #N/A | AZ26: =AZ25+0.05 -> 1.15 | BA26: =IF($F$16="NSR 10",AQ26,AW26) -> 0.66782609
W27: 3 | Y27: 1.05 | Z27: 1.36 | AA27: 2 | AB27: 2.98 | AP27: =AP26+0.05 -> 1.2 | AQ27: =IF(AP27<$AM$3,2.5*$M$20*$M$23,IF(AND(AP27>=$AM$3,AP27<$AM$4),1.2*$M$21*$M$24/AP27,1.2*$M$21*$M$24*$AM$4/AP27^2)) -> 0.64 | AT27: =AT26+0.05 -> 1.2 | AU27: =IF(AT27<$AM$8,2.5*$M$20*$M$23*$F$18,IF(AND(AT27>=$AM$8,AT27<$AM$9),1.2*$M$21*$M$24*$F$18/AT27,1.2*$M$21*$M$24*$AM$9*$F$18/AT27^2)) -> #N/A | AV27: =IF(AT27<$AN$8,2.5*$M$20*$AH$76*$F$18,IF(AND(AT27>=$AN$8,AT27<$AN$9),1.2*$M$21*$AH$77*$F$18/AT27,1.2*$M$21*$AH$77*$AN$9*$F$18/AT27^2)) -> #N/A | AW27: =MAX(AU27:AV27) -> #N/A | AZ27: =AZ26+0.05 -> 1.2 | BA27: =IF($F$16="NSR 10",AQ27,AW27) -> 0.64
W28: 4a | Y28: 0.75 | Z28: 1.2 | AA28: 2 | AB28: 1.88 | AP28: =AP27+0.05 -> 1.25 | AQ28: =IF(AP28<$AM$3,2.5*$M$20*$M$23,IF(AND(AP28>=$AM$3,AP28<$AM$4),1.2*$M$21*$M$24/AP28,1.2*$M$21*$M$24*$AM$4/AP28^2)) -> 0.6144 | AT28: =AT27+0.05 -> 1.25 | AU28: =IF(AT28<$AM$8,2.5*$M$20*$M$23*$F$18,IF(AND(AT28>=$AM$8,AT28<$AM$9),1.2*$M$21*$M$24*$F$18/AT28,1.2*$M$21*$M$24*$AM$9*$F$18/AT28^2)) -> #N/A | AV28: =IF(AT28<$AN$8,2.5*$M$20*$AH$76*$F$18,IF(AND(AT28>=$AN$8,AT28<$AN$9),1.2*$M$21*$AH$77*$F$18/AT28,1.2*$M$21*$AH$77*$AN$9*$F$18/AT28^2)) -> #N/A | AW28: =MAX(AU28:AV28) -> #N/A | AZ28: =AZ27+0.05 -> 1.25 | BA28: =IF($F$16="NSR 10",AQ28,AW28) -> 0.6144
W29: 4b | X29: Tc | Y29: 0.7 | Z29: 1.04 | AA29: 2.5 | AB29: 1.52 | AP29: =AP28+0.05 -> 1.3 | AQ29: =IF(AP29<$AM$3,2.5*$M$20*$M$23,IF(AND(AP29>=$AM$3,AP29<$AM$4),1.2*$M$21*$M$24/AP29,1.2*$M$21*$M$24*$AM$4/AP29^2)) -> 0.59076923 | AT29: =AT28+0.05 -> 1.3 | AU29: =IF(AT29<$AM$8,2.5*$M$20*$M$23*$F$18,IF(AND(AT29>=$AM$8,AT29<$AM$9),1.2*$M$21*$M$24*$F$18/AT29,1.2*$M$21*$M$24*$AM$9*$F$18/AT29^2)) -> #N/A | AV29: =IF(AT29<$AN$8,2.5*$M$20*$AH$76*$F$18,IF(AND(AT29>=$AN$8,AT29<$AN$9),1.2*$M$21*$AH$77*$F$18/AT29,1.2*$M$21*$AH$77*$AN$9*$F$18/AT29^2)) -> #N/A | AW29: =MAX(AU29:AV29) -> #N/A | AZ29: =AZ28+0.05 -> 1.3 | BA29: =IF($F$16="NSR 10",AQ29,AW29) -> 0.59076923
W30: 4c | X30: Tc | Y30: 0.45 | Z30: 1.6 | AA30: 2 | AB30: 1.5 | AP30: =AP29+0.05 -> 1.35 | AQ30: =IF(AP30<$AM$3,2.5*$M$20*$M$23,IF(AND(AP30>=$AM$3,AP30<$AM$4),1.2*$M$21*$M$24/AP30,1.2*$M$21*$M$24*$AM$4/AP30^2)) -> 0.56888889 | AT30: =AT29+0.05 -> 1.35 | AU30: =IF(AT30<$AM$8,2.5*$M$20*$M$23*$F$18,IF(AND(AT30>=$AM$8,AT30<$AM$9),1.2*$M$21*$M$24*$F$18/AT30,1.2*$M$21*$M$24*$AM$9*$F$18/AT30^2)) -> #N/A | AV30: =IF(AT30<$AN$8,2.5*$M$20*$AH$76*$F$18,IF(AND(AT30>=$AN$8,AT30<$AN$9),1.2*$M$21*$AH$77*$F$18/AT30,1.2*$M$21*$AH$77*$AN$9*$F$18/AT30^2)) -> #N/A | AW30: =MAX(AU30:AV30) -> #N/A | AZ30: =AZ29+0.05 -> 1.35 | BA30: =IF($F$16="NSR 10",AQ30,AW30) -> 0.56888889
W31: 4d | Y31: 1.2 | Z31: 0.99 | AA31: 2 | AB31: 2.48 | AP31: =AP30+0.05 -> 1.4 | AQ31: =IF(AP31<$AM$3,2.5*$M$20*$M$23,IF(AND(AP31>=$AM$3,AP31<$AM$4),1.2*$M$21*$M$24/AP31,1.2*$M$21*$M$24*$AM$4/AP31^2)) -> 0.54857143 | AT31: =AT30+0.05 -> 1.4 | AU31: =IF(AT31<$AM$8,2.5*$M$20*$M$23*$F$18,IF(AND(AT31>=$AM$8,AT31<$AM$9),1.2*$M$21*$M$24*$F$18/AT31,1.2*$M$21*$M$24*$AM$9*$F$18/AT31^2)) -> #N/A | AV31: =IF(AT31<$AN$8,2.5*$M$20*$AH$76*$F$18,IF(AND(AT31>=$AN$8,AT31<$AN$9),1.2*$M$21*$AH$77*$F$18/AT31,1.2*$M$21*$AH$77*$AN$9*$F$18/AT31^2)) -> #N/A | AW31: =MAX(AU31:AV31) -> #N/A | AZ31: =AZ30+0.05 -> 1.4 | BA31: =IF($F$16="NSR 10",AQ31,AW31) -> 0.54857143
W32: 4e | Y32: 0.95 | Z32: 0.91 | AA32: 3 | AB32: 1.81 | AP32: =AP31+0.05 -> 1.45 | AQ32: =IF(AP32<$AM$3,2.5*$M$20*$M$23,IF(AND(AP32>=$AM$3,AP32<$AM$4),1.2*$M$21*$M$24/AP32,1.2*$M$21*$M$24*$AM$4/AP32^2)) -> 0.52965517 | AT32: =AT31+0.05 -> 1.45 | AU32: =IF(AT32<$AM$8,2.5*$M$20*$M$23*$F$18,IF(AND(AT32>=$AM$8,AT32<$AM$9),1.2*$M$21*$M$24*$F$18/AT32,1.2*$M$21*$M$24*$AM$9*$F$18/AT32^2)) -> #N/A | AV32: =IF(AT32<$AN$8,2.5*$M$20*$AH$76*$F$18,IF(AND(AT32>=$AN$8,AT32<$AN$9),1.2*$M$21*$AH$77*$F$18/AT32,1.2*$M$21*$AH$77*$AN$9*$F$18/AT32^2)) -> #N/A | AW32: =MAX(AU32:AV32) -> #N/A | AZ32: =AZ31+0.05 -> 1.45 | BA32: =IF($F$16="NSR 10",AQ32,AW32) -> 0.52965517
W33: 5 | X33: Tc | Y33: 0.6 | Z33: 1.12 | AA33: 2.5 | AB33: 1.4 | AP33: =AP32+0.05 -> 1.5 | AQ33: =IF(AP33<$AM$3,2.5*$M$20*$M$23,IF(AND(AP33>=$AM$3,AP33<$AM$4),1.2*$M$21*$M$24/AP33,1.2*$M$21*$M$24*$AM$4/AP33^2)) -> 0.512 | AT33: =AT32+0.05 -> 1.5 | AU33: =IF(AT33<$AM$8,2.5*$M$20*$M$23*$F$18,IF(AND(AT33>=$AM$8,AT33<$AM$9),1.2*$M$21*$M$24*$F$18/AT33,1.2*$M$21*$M$24*$AM$9*$F$18/AT33^2)) -> #N/A | AV33: =IF(AT33<$AN$8,2.5*$M$20*$AH$76*$F$18,IF(AND(AT33>=$AN$8,AT33<$AN$9),1.2*$M$21*$AH$77*$F$18/AT33,1.2*$M$21*$AH$77*$AN$9*$F$18/AT33^2)) -> #N/A | AW33: =MAX(AU33:AV33) -> #N/A | AZ33: =AZ32+0.05 -> 1.5 | BA33: =IF($F$16="NSR 10",AQ33,AW33) -> 0.512
W34: 6 | Y34: 1.15 | Z34: 1.09 | AA34: 2.5 | AB34: 2.61 | AP34: =AP33+0.05 -> 1.55 | AQ34: =IF(AP34<$AM$3,2.5*$M$20*$M$23,IF(AND(AP34>=$AM$3,AP34<$AM$4),1.2*$M$21*$M$24/AP34,1.2*$M$21*$M$24*$AM$4/AP34^2)) -> 0.49548387 | AT34: =AT33+0.05 -> 1.55 | AU34: =IF(AT34<$AM$8,2.5*$M$20*$M$23*$F$18,IF(AND(AT34>=$AM$8,AT34<$AM$9),1.2*$M$21*$M$24*$F$18/AT34,1.2*$M$21*$M$24*$AM$9*$F$18/AT34^2)) -> #N/A | AV34: =IF(AT34<$AN$8,2.5*$M$20*$AH$76*$F$18,IF(AND(AT34>=$AN$8,AT34<$AN$9),1.2*$M$21*$AH$77*$F$18/AT34,1.2*$M$21*$AH$77*$AN$9*$F$18/AT34^2)) -> #N/A | AW34: =MAX(AU34:AV34) -> #N/A | AZ34: =AZ33+0.05 -> 1.55 | BA34: =IF($F$16="NSR 10",AQ34,AW34) -> 0.49548387
AP35: =AP34+0.05 -> 1.6 | AQ35: =IF(AP35<$AM$3,2.5*$M$20*$M$23,IF(AND(AP35>=$AM$3,AP35<$AM$4),1.2*$M$21*$M$24/AP35,1.2*$M$21*$M$24*$AM$4/AP35^2)) -> 0.48 | AT35: =AT34+0.05 -> 1.6 | AU35: =IF(AT35<$AM$8,2.5*$M$20*$M$23*$F$18,IF(AND(AT35>=$AM$8,AT35<$AM$9),1.2*$M$21*$M$24*$F$18/AT35,1.2*$M$21*$M$24*$AM$9*$F$18/AT35^2)) -> #N/A | AV35: =IF(AT35<$AN$8,2.5*$M$20*$AH$76*$F$18,IF(AND(AT35>=$AN$8,AT35<$AN$9),1.2*$M$21*$AH$77*$F$18/AT35,1.2*$M$21*$AH$77*$AN$9*$F$18/AT35^2)) -> #N/A | AW35: =MAX(AU35:AV35) -> #N/A | AZ35: =AZ34+0.05 -> 1.6 | BA35: =IF($F$16="NSR 10",AQ35,AW35) -> 0.48
W36: ESPECTRO DE PERIODO LARGO | AP36: =AP35+0.05 -> 1.65 | AQ36: =IF(AP36<$AM$3,2.5*$M$20*$M$23,IF(AND(AP36>=$AM$3,AP36<$AM$4),1.2*$M$21*$M$24/AP36,1.2*$M$21*$M$24*$AM$4/AP36^2)) -> 0.46545455 | AT36: =AT35+0.05 -> 1.65 | AU36: =IF(AT36<$AM$8,2.5*$M$20*$M$23*$F$18,IF(AND(AT36>=$AM$8,AT36<$AM$9),1.2*$M$21*$M$24*$F$18/AT36,1.2*$M$21*$M$24*$AM$9*$F$18/AT36^2)) -> #N/A | AV36: =IF(AT36<$AN$8,2.5*$M$20*$AH$76*$F$18,IF(AND(AT36>=$AN$8,AT36<$AN$9),1.2*$M$21*$AH$77*$F$18/AT36,1.2*$M$21*$AH$77*$AN$9*$F$18/AT36^2)) -> #N/A | AW36: =MAX(AU36:AV36) -> #N/A | AZ36: =AZ35+0.05 -> 1.65 | BA36: =IF($F$16="NSR 10",AQ36,AW36) -> 0.46545455
W37: Microzona | Y37: Aa | Z37: 0.25 | AA37: Av | AB37: 0.25 | AP37: =AP36+0.05 -> 1.7 | AQ37: =IF(AP37<$AM$3,2.5*$M$20*$M$23,IF(AND(AP37>=$AM$3,AP37<$AM$4),1.2*$M$21*$M$24/AP37,1.2*$M$21*$M$24*$AM$4/AP37^2)) -> 0.45176471 | AT37: =AT36+0.05 -> 1.7 | AU37: =IF(AT37<$AM$8,2.5*$M$20*$M$23*$F$18,IF(AND(AT37>=$AM$8,AT37<$AM$9),1.2*$M$21*$M$24*$F$18/AT37,1.2*$M$21*$M$24*$AM$9*$F$18/AT37^2)) -> #N/A | AV37: =IF(AT37<$AN$8,2.5*$M$20*$AH$76*$F$18,IF(AND(AT37>=$AN$8,AT37<$AN$9),1.2*$M$21*$AH$77*$F$18/AT37,1.2*$M$21*$AH$77*$AN$9*$F$18/AT37^2)) -> #N/A | AW37: =MAX(AU37:AV37) -> #N/A | AZ37: =AZ36+0.05 -> 1.7 | BA37: =IF($F$16="NSR 10",AQ37,AW37) -> 0.45176471
Y38: Tc | Z38: Fa | AA38: TL | AB38: Fv | AP38: =AP37+0.05 -> 1.75 | AQ38: =IF(AP38<$AM$3,2.5*$M$20*$M$23,IF(AND(AP38>=$AM$3,AP38<$AM$4),1.2*$M$21*$M$24/AP38,1.2*$M$21*$M$24*$AM$4/AP38^2)) -> 0.43885714 | AT38: =AT37+0.05 -> 1.75 | AU38: =IF(AT38<$AM$8,2.5*$M$20*$M$23*$F$18,IF(AND(AT38>=$AM$8,AT38<$AM$9),1.2*$M$21*$M$24*$F$18/AT38,1.2*$M$21*$M$24*$AM$9*$F$18/AT38^2)) -> #N/A | AV38: =IF(AT38<$AN$8,2.5*$M$20*$AH$76*$F$18,IF(AND(AT38>=$AN$8,AT38<$AN$9),1.2*$M$21*$AH$77*$F$18/AT38,1.2*$M$21*$AH$77*$AN$9*$F$18/AT38^2)) -> #N/A | AW38: =MAX(AU38:AV38) -> #N/A | AZ38: =AZ37+0.05 -> 1.75 | BA38: =IF($F$16="NSR 10",AQ38,AW38) -> 0.43885714
W39: 1 | Y39: 0.55 | Z39: 0.86 | AA39: 3 | AB39: 0.99 | AP39: =AP38+0.05 -> 1.8 | AQ39: =IF(AP39<$AM$3,2.5*$M$20*$M$23,IF(AND(AP39>=$AM$3,AP39<$AM$4),1.2*$M$21*$M$24/AP39,1.2*$M$21*$M$24*$AM$4/AP39^2)) -> 0.42666667 | AT39: =AT38+0.05 -> 1.8 | AU39: =IF(AT39<$AM$8,2.5*$M$20*$M$23*$F$18,IF(AND(AT39>=$AM$8,AT39<$AM$9),1.2*$M$21*$M$24*$F$18/AT39,1.2*$M$21*$M$24*$AM$9*$F$18/AT39^2)) -> #N/A | AV39: =IF(AT39<$AN$8,2.5*$M$20*$AH$76*$F$18,IF(AND(AT39>=$AN$8,AT39<$AN$9),1.2*$M$21*$AH$77*$F$18/AT39,1.2*$M$21*$AH$77*$AN$9*$F$18/AT39^2)) -> #N/A | AW39: =MAX(AU39:AV39) -> #N/A | AZ39: =AZ38+0.05 -> 1.8 | BA39: =IF($F$16="NSR 10",AQ39,AW39) -> 0.42666667
W40: 2 | Y40: 0.45 | Z40: 1.2 | AA40: 3 | AB40: 1.13 | AP40: =AP39+0.05 -> 1.85 | AQ40: =IF(AP40<$AM$3,2.5*$M$20*$M$23,IF(AND(AP40>=$AM$3,AP40<$AM$4),1.2*$M$21*$M$24/AP40,1.2*$M$21*$M$24*$AM$4/AP40^2)) -> 0.41513514 | AT40: =AT39+0.05 -> 1.85 | AU40: =IF(AT40<$AM$8,2.5*$M$20*$M$23*$F$18,IF(AND(AT40>=$AM$8,AT40<$AM$9),1.2*$M$21*$M$24*$F$18/AT40,1.2*$M$21*$M$24*$AM$9*$F$18/AT40^2)) -> #N/A | AV40: =IF(AT40<$AN$8,2.5*$M$20*$AH$76*$F$18,IF(AND(AT40>=$AN$8,AT40<$AN$9),1.2*$M$21*$AH$77*$F$18/AT40,1.2*$M$21*$AH$77*$AN$9*$F$18/AT40^2)) -> #N/A | AW40: =MAX(AU40:AV40) -> #N/A | AZ40: =AZ39+0.05 -> 1.85 | BA40: =IF($F$16="NSR 10",AQ40,AW40) -> 0.41513514
W41: 3 | Y41: 1.05 | Z41: 1.36 | AA41: 2 | AB41: 2.98 | AP41: =AP40+0.05 -> 1.9 | AQ41: =IF(AP41<$AM$3,2.5*$M$20*$M$23,IF(AND(AP41>=$AM$3,AP41<$AM$4),1.2*$M$21*$M$24/AP41,1.2*$M$21*$M$24*$AM$4/AP41^2)) -> 0.40421053 | AT41: =AT40+0.05 -> 1.9 | AU41: =IF(AT41<$AM$8,2.5*$M$20*$M$23*$F$18,IF(AND(AT41>=$AM$8,AT41<$AM$9),1.2*$M$21*$M$24*$F$18/AT41,1.2*$M$21*$M$24*$AM$9*$F$18/AT41^2)) -> #N/A | AV41: =IF(AT41<$AN$8,2.5*$M$20*$AH$76*$F$18,IF(AND(AT41>=$AN$8,AT41<$AN$9),1.2*$M$21*$AH$77*$F$18/AT41,1.2*$M$21*$AH$77*$AN$9*$F$18/AT41^2)) -> #N/A | AW41: =MAX(AU41:AV41) -> #N/A | AZ41: =AZ40+0.05 -> 1.9 | BA41: =IF($F$16="NSR 10",AQ41,AW41) -> 0.40421053
W42: 4a | Y42: 0.75 | Z42: 1.2 | AA42: 2 | AB42: 1.88 | AP42: =AP41+0.05 -> 1.95 | AQ42: =IF(AP42<$AM$3,2.5*$M$20*$M$23,IF(AND(AP42>=$AM$3,AP42<$AM$4),1.2*$M$21*$M$24/AP42,1.2*$M$21*$M$24*$AM$4/AP42^2)) -> 0.39384615 | AT42: =AT41+0.05 -> 1.95 | AU42: =IF(AT42<$AM$8,2.5*$M$20*$M$23*$F$18,IF(AND(AT42>=$AM$8,AT42<$AM$9),1.2*$M$21*$M$24*$F$18/AT42,1.2*$M$21*$M$24*$AM$9*$F$18/AT42^2)) -> #N/A | AV42: =IF(AT42<$AN$8,2.5*$M$20*$AH$76*$F$18,IF(AND(AT42>=$AN$8,AT42<$AN$9),1.2*$M$21*$AH$77*$F$18/AT42,1.2*$M$21*$AH$77*$AN$9*$F$18/AT42^2)) -> #N/A | AW42: =MAX(AU42:AV42) -> #N/A | AZ42: =AZ41+0.05 -> 1.95 | BA42: =IF($F$16="NSR 10",AQ42,AW42) -> 0.39384615
W43: 4b | X43: TL | Y43: 1.6 | Z43: 0.8 | AA43: 2.5 | AB43: 2.67 | AP43: =AP42+0.05 -> 2 | AQ43: =IF(AP43<$AM$3,2.5*$M$20*$M$23,IF(AND(AP43>=$AM$3,AP43<$AM$4),1.2*$M$21*$M$24/AP43,1.2*$M$21*$M$24*$AM$4/AP43^2)) -> 0.384 | AT43: =AT42+0.05 -> 2 | AU43: =IF(AT43<$AM$8,2.5*$M$20*$M$23*$F$18,IF(AND(AT43>=$AM$8,AT43<$AM$9),1.2*$M$21*$M$24*$F$18/AT43,1.2*$M$21*$M$24*$AM$9*$F$18/AT43^2)) -> #N/A | AV43: =IF(AT43<$AN$8,2.5*$M$20*$AH$76*$F$18,IF(AND(AT43>=$AN$8,AT43<$AN$9),1.2*$M$21*$AH$77*$F$18/AT43,1.2*$M$21*$AH$77*$AN$9*$F$18/AT43^2)) -> #N/A | AW43: =MAX(AU43:AV43) -> #N/A | AZ43: =AZ42+0.05 -> 2 | BA43: =IF($F$16="NSR 10",AQ43,AW43) -> 0.384
W44: 4c | X44: TL | Y44: 1.5 | Z44: 1.04 | AA44: 2.1 | AB44: 3.25 | AP44: =AP43+0.05 -> 2.05 | AQ44: =IF(AP44<$AM$3,2.5*$M$20*$M$23,IF(AND(AP44>=$AM$3,AP44<$AM$4),1.2*$M$21*$M$24/AP44,1.2*$M$21*$M$24*$AM$4/AP44^2)) -> 0.37463415 | AT44: =AT43+0.05 -> 2.05 | AU44: =IF(AT44<$AM$8,2.5*$M$20*$M$23*$F$18,IF(AND(AT44>=$AM$8,AT44<$AM$9),1.2*$M$21*$M$24*$F$18/AT44,1.2*$M$21*$M$24*$AM$9*$F$18/AT44^2)) -> #N/A | AV44: =IF(AT44<$AN$8,2.5*$M$20*$AH$76*$F$18,IF(AND(AT44>=$AN$8,AT44<$AN$9),1.2*$M$21*$AH$77*$F$18/AT44,1.2*$M$21*$AH$77*$AN$9*$F$18/AT44^2)) -> #N/A | AW44: =MAX(AU44:AV44) -> #N/A | AZ44: =AZ43+0.05 -> 2.05 | BA44: =IF($F$16="NSR 10",AQ44,AW44) -> 0.37463415
W45: 4d | Y45: 1.2 | Z45: 0.99 | AA45: 2 | AB45: 2.48 | AP45: =AP44+0.05 -> 2.1 | AQ45: =IF(AP45<$AM$3,2.5*$M$20*$M$23,IF(AND(AP45>=$AM$3,AP45<$AM$4),1.2*$M$21*$M$24/AP45,1.2*$M$21*$M$24*$AM$4/AP45^2)) -> 0.36571429 | AT45: =AT44+0.05 -> 2.1 | AU45: =IF(AT45<$AM$8,2.5*$M$20*$M$23*$F$18,IF(AND(AT45>=$AM$8,AT45<$AM$9),1.2*$M$21*$M$24*$F$18/AT45,1.2*$M$21*$M$24*$AM$9*$F$18/AT45^2)) -> #N/A | AV45: =IF(AT45<$AN$8,2.5*$M$20*$AH$76*$F$18,IF(AND(AT45>=$AN$8,AT45<$AN$9),1.2*$M$21*$AH$77*$F$18/AT45,1.2*$M$21*$AH$77*$AN$9*$F$18/AT45^2)) -> #N/A | AW45: =MAX(AU45:AV45) -> #N/A | AZ45: =AZ44+0.05 -> 2.1 | BA45: =IF($F$16="NSR 10",AQ45,AW45) -> 0.36571429
W46: 4e | Y46: 0.95 | Z46: 0.91 | AA46: 3 | AB46: 1.81 | AP46: =AP45+0.05 -> 2.15 | AQ46: =IF(AP46<$AM$3,2.5*$M$20*$M$23,IF(AND(AP46>=$AM$3,AP46<$AM$4),1.2*$M$21*$M$24/AP46,1.2*$M$21*$M$24*$AM$4/AP46^2)) -> 0.3572093 | AT46: =AT45+0.05 -> 2.15 | AU46: =IF(AT46<$AM$8,2.5*$M$20*$M$23*$F$18,IF(AND(AT46>=$AM$8,AT46<$AM$9),1.2*$M$21*$M$24*$F$18/AT46,1.2*$M$21*$M$24*$AM$9*$F$18/AT46^2)) -> #N/A | AV46: =IF(AT46<$AN$8,2.5*$M$20*$AH$76*$F$18,IF(AND(AT46>=$AN$8,AT46<$AN$9),1.2*$M$21*$AH$77*$F$18/AT46,1.2*$M$21*$AH$77*$AN$9*$F$18/AT46^2)) -> #N/A | AW46: =MAX(AU46:AV46) -> #N/A | AZ46: =AZ45+0.05 -> 2.15 | BA46: =IF($F$16="NSR 10",AQ46,AW46) -> 0.3572093
W47: 5 | X47: TL | Y47: 1.35 | Z47: 0.83 | AA47: 2.5 | AB47: 2.34 | AP47: =AP46+0.05 -> 2.2 | AQ47: =IF(AP47<$AM$3,2.5*$M$20*$M$23,IF(AND(AP47>=$AM$3,AP47<$AM$4),1.2*$M$21*$M$24/AP47,1.2*$M$21*$M$24*$AM$4/AP47^2)) -> 0.34909091 | AT47: =AT46+0.05 -> 2.2 | AU47: =IF(AT47<$AM$8,2.5*$M$20*$M$23*$F$18,IF(AND(AT47>=$AM$8,AT47<$AM$9),1.2*$M$21*$M$24*$F$18/AT47,1.2*$M$21*$M$24*$AM$9*$F$18/AT47^2)) -> #N/A | AV47: =IF(AT47<$AN$8,2.5*$M$20*$AH$76*$F$18,IF(AND(AT47>=$AN$8,AT47<$AN$9),1.2*$M$21*$AH$77*$F$18/AT47,1.2*$M$21*$AH$77*$AN$9*$F$18/AT47^2)) -> #N/A | AW47: =MAX(AU47:AV47) -> #N/A | AZ47: =AZ46+0.05 -> 2.2 | BA47: =IF($F$16="NSR 10",AQ47,AW47) -> 0.34909091
W48: 6 | Y48: 1.15 | Z48: 1.09 | AA48: 2.5 | AB48: 2.61 | AP48: =AP47+0.05 -> 2.25 | AQ48: =IF(AP48<$AM$3,2.5*$M$20*$M$23,IF(AND(AP48>=$AM$3,AP48<$AM$4),1.2*$M$21*$M$24/AP48,1.2*$M$21*$M$24*$AM$4/AP48^2)) -> 0.34133333 | AT48: =AT47+0.05 -> 2.25 | AU48: =IF(AT48<$AM$8,2.5*$M$20*$M$23*$F$18,IF(AND(AT48>=$AM$8,AT48<$AM$9),1.2*$M$21*$M$24*$F$18/AT48,1.2*$M$21*$M$24*$AM$9*$F$18/AT48^2)) -> #N/A | AV48: =IF(AT48<$AN$8,2.5*$M$20*$AH$76*$F$18,IF(AND(AT48>=$AN$8,AT48<$AN$9),1.2*$M$21*$AH$77*$F$18/AT48,1.2*$M$21*$AH$77*$AN$9*$F$18/AT48^2)) -> #N/A | AW48: =MAX(AU48:AV48) -> #N/A | AZ48: =AZ47+0.05 -> 2.25 | BA48: =IF($F$16="NSR 10",AQ48,AW48) -> 0.34133333
B49: Periodo fundamental de la edificación: | H49: Tx | I49: ='7. FHE Y AJUSTE DE SISMO'!M16 -> 0.37060871 | J49: s | AP49: =AP48+0.05 -> 2.3 | AQ49: =IF(AP49<$AM$3,2.5*$M$20*$M$23,IF(AND(AP49>=$AM$3,AP49<$AM$4),1.2*$M$21*$M$24/AP49,1.2*$M$21*$M$24*$AM$4/AP49^2)) -> 0.33391304 | AT49: =AT48+0.05 -> 2.3 | AU49: =IF(AT49<$AM$8,2.5*$M$20*$M$23*$F$18,IF(AND(AT49>=$AM$8,AT49<$AM$9),1.2*$M$21*$M$24*$F$18/AT49,1.2*$M$21*$M$24*$AM$9*$F$18/AT49^2)) -> #N/A | AV49: =IF(AT49<$AN$8,2.5*$M$20*$AH$76*$F$18,IF(AND(AT49>=$AN$8,AT49<$AN$9),1.2*$M$21*$AH$77*$F$18/AT49,1.2*$M$21*$AH$77*$AN$9*$F$18/AT49^2)) -> #N/A | AW49: =MAX(AU49:AV49) -> #N/A | AZ49: =AZ48+0.05 -> 2.3 | BA49: =IF($F$16="NSR 10",AQ49,AW49) -> 0.33391304
H50: Ty | I50: ='7. FHE Y AJUSTE DE SISMO'!M17 -> 0.37060871 | J50: s | W50: Periodo Tx | Z50: Periodo Ty | AP50: =AP49+0.05 -> 2.35 | AQ50: =IF(AP50<$AM$3,2.5*$M$20*$M$23,IF(AND(AP50>=$AM$3,AP50<$AM$4),1.2*$M$21*$M$24/AP50,1.2*$M$21*$M$24*$AM$4/AP50^2)) -> 0.32680851 | AT50: =AT49+0.05 -> 2.35 | AU50: =IF(AT50<$AM$8,2.5*$M$20*$M$23*$F$18,IF(AND(AT50>=$AM$8,AT50<$AM$9),1.2*$M$21*$M$24*$F$18/AT50,1.2*$M$21*$M$24*$AM$9*$F$18/AT50^2)) -> #N/A | AV50: =IF(AT50<$AN$8,2.5*$M$20*$AH$76*$F$18,IF(AND(AT50>=$AN$8,AT50<$AN$9),1.2*$M$21*$AH$77*$F$18/AT50,1.2*$M$21*$AH$77*$AN$9*$F$18/AT50^2)) -> #N/A | AW50: =MAX(AU50:AV50) -> #N/A | AZ50: =AZ49+0.05 -> 2.35 | BA50: =IF($F$16="NSR 10",AQ50,AW50) -> 0.32680851
W51: Tx | X51: Sa | Z51: Ty | AA51: Sa | AP51: =AP50+0.05 -> 2.4 | AQ51: =IF(AP51<$AM$3,2.5*$M$20*$M$23,IF(AND(AP51>=$AM$3,AP51<$AM$4),1.2*$M$21*$M$24/AP51,1.2*$M$21*$M$24*$AM$4/AP51^2)) -> 0.32 | AT51: =AT50+0.05 -> 2.4 | AU51: =IF(AT51<$AM$8,2.5*$M$20*$M$23*$F$18,IF(AND(AT51>=$AM$8,AT51<$AM$9),1.2*$M$21*$M$24*$F$18/AT51,1.2*$M$21*$M$24*$AM$9*$F$18/AT51^2)) -> #N/A | AV51: =IF(AT51<$AN$8,2.5*$M$20*$AH$76*$F$18,IF(AND(AT51>=$AN$8,AT51<$AN$9),1.2*$M$21*$AH$77*$F$18/AT51,1.2*$M$21*$AH$77*$AN$9*$F$18/AT51^2)) -> #N/A | AW51: =MAX(AU51:AV51) -> #N/A | AZ51: =AZ50+0.05 -> 2.4 | BA51: =IF($F$16="NSR 10",AQ51,AW51) -> 0.32
B52: Aceleración espectral | H52: Sa-x | I52: =VLOOKUP(I49,$AZ$3:$BA$163,2,1) -> 0.90625 | W52: =W54 -> 0.37060871 | X52: 0 | Z52: =Z54 -> 0.37060871 | AA52: 0 | AP52: =AP51+0.05 -> 2.45 | AQ52: =IF(AP52<$AM$3,2.5*$M$20*$M$23,IF(AND(AP52>=$AM$3,AP52<$AM$4),1.2*$M$21*$M$24/AP52,1.2*$M$21*$M$24*$AM$4/AP52^2)) -> 0.31346939 | AT52: =AT51+0.05 -> 2.45 | AU52: =IF(AT52<$AM$8,2.5*$M$20*$M$23*$F$18,IF(AND(AT52>=$AM$8,AT52<$AM$9),1.2*$M$21*$M$24*$F$18/AT52,1.2*$M$21*$M$24*$AM$9*$F$18/AT52^2)) -> #N/A | AV52: =IF(AT52<$AN$8,2.5*$M$20*$AH$76*$F$18,IF(AND(AT52>=$AN$8,AT52<$AN$9),1.2*$M$21*$AH$77*$F$18/AT52,1.2*$M$21*$AH$77*$AN$9*$F$18/AT52^2)) -> #N/A | AW52: =MAX(AU52:AV52) -> #N/A | AZ52: =AZ51+0.05 -> 2.45 | BA52: =IF($F$16="NSR 10",AQ52,AW52) -> 0.31346939
H53: Sa-y | I53: =VLOOKUP(I50,$AZ$3:$BA$163,2,1) -> 0.90625 | W53: =W54 -> 0.37060871 | X53: =I62 -> 0 | Z53: =Z54 -> 0.37060871 | AA53: =I63 -> 0 | AP53: =AP52+0.05 -> 2.5 | AQ53: =IF(AP53<$AM$3,2.5*$M$20*$M$23,IF(AND(AP53>=$AM$3,AP53<$AM$4),1.2*$M$21*$M$24/AP53,1.2*$M$21*$M$24*$AM$4/AP53^2)) -> 0.3072 | AT53: =AT52+0.05 -> 2.5 | AU53: =IF(AT53<$AM$8,2.5*$M$20*$M$23*$F$18,IF(AND(AT53>=$AM$8,AT53<$AM$9),1.2*$M$21*$M$24*$F$18/AT53,1.2*$M$21*$M$24*$AM$9*$F$18/AT53^2)) -> #N/A | AV53: =IF(AT53<$AN$8,2.5*$M$20*$AH$76*$F$18,IF(AND(AT53>=$AN$8,AT53<$AN$9),1.2*$M$21*$AH$77*$F$18/AT53,1.2*$M$21*$AH$77*$AN$9*$F$18/AT53^2)) -> #N/A | AW53: =MAX(AU53:AV53) -> #N/A | AZ53: =AZ52+0.05 -> 2.5 | BA53: =IF($F$16="NSR 10",AQ53,AW53) -> 0.3072
W54: =I49 -> 0.37060871 | X54: =I52 -> 0.90625 | Z54: =I50 -> 0.37060871 | AA54: =I53 -> 0.90625 | AP54: =AP53+0.05 -> 2.55 | AQ54: =IF(AP54<$AM$3,2.5*$M$20*$M$23,IF(AND(AP54>=$AM$3,AP54<$AM$4),1.2*$M$21*$M$24/AP54,1.2*$M$21*$M$24*$AM$4/AP54^2)) -> 0.30117647 | AT54: =AT53+0.05 -> 2.55 | AU54: =IF(AT54<$AM$8,2.5*$M$20*$M$23*$F$18,IF(AND(AT54>=$AM$8,AT54<$AM$9),1.2*$M$21*$M$24*$F$18/AT54,1.2*$M$21*$M$24*$AM$9*$F$18/AT54^2)) -> #N/A | AV54: =IF(AT54<$AN$8,2.5*$M$20*$AH$76*$F$18,IF(AND(AT54>=$AN$8,AT54<$AN$9),1.2*$M$21*$AH$77*$F$18/AT54,1.2*$M$21*$AH$77*$AN$9*$F$18/AT54^2)) -> #N/A | AW54: =MAX(AU54:AV54) -> #N/A | AZ54: =AZ53+0.05 -> 2.55 | BA54: =IF($F$16="NSR 10",AQ54,AW54) -> 0.30117647
AP55: =AP54+0.05 -> 2.6 | AQ55: =IF(AP55<$AM$3,2.5*$M$20*$M$23,IF(AND(AP55>=$AM$3,AP55<$AM$4),1.2*$M$21*$M$24/AP55,1.2*$M$21*$M$24*$AM$4/AP55^2)) -> 0.29538462 | AT55: =AT54+0.05 -> 2.6 | AU55: =IF(AT55<$AM$8,2.5*$M$20*$M$23*$F$18,IF(AND(AT55>=$AM$8,AT55<$AM$9),1.2*$M$21*$M$24*$F$18/AT55,1.2*$M$21*$M$24*$AM$9*$F$18/AT55^2)) -> #N/A | AV55: =IF(AT55<$AN$8,2.5*$M$20*$AH$76*$F$18,IF(AND(AT55>=$AN$8,AT55<$AN$9),1.2*$M$21*$AH$77*$F$18/AT55,1.2*$M$21*$AH$77*$AN$9*$F$18/AT55^2)) -> #N/A | AW55: =MAX(AU55:AV55) -> #N/A | AZ55: =AZ54+0.05 -> 2.6 | BA55: =IF($F$16="NSR 10",AQ55,AW55) -> 0.29538462
AP56: =AP55+0.05 -> 2.65 | AQ56: =IF(AP56<$AM$3,2.5*$M$20*$M$23,IF(AND(AP56>=$AM$3,AP56<$AM$4),1.2*$M$21*$M$24/AP56,1.2*$M$21*$M$24*$AM$4/AP56^2)) -> 0.28981132 | AT56: =AT55+0.05 -> 2.65 | AU56: =IF(AT56<$AM$8,2.5*$M$20*$M$23*$F$18,IF(AND(AT56>=$AM$8,AT56<$AM$9),1.2*$M$21*$M$24*$F$18/AT56,1.2*$M$21*$M$24*$AM$9*$F$18/AT56^2)) -> #N/A | AV56: =IF(AT56<$AN$8,2.5*$M$20*$AH$76*$F$18,IF(AND(AT56>=$AN$8,AT56<$AN$9),1.2*$M$21*$AH$77*$F$18/AT56,1.2*$M$21*$AH$77*$AN$9*$F$18/AT56^2)) -> #N/A | AW56: =MAX(AU56:AV56) -> #N/A | AZ56: =AZ55+0.05 -> 2.65 | BA56: =IF($F$16="NSR 10",AQ56,AW56) -> 0.28981132
AP57: =AP56+0.05 -> 2.7 | AQ57: =IF(AP57<$AM$3,2.5*$M$20*$M$23,IF(AND(AP57>=$AM$3,AP57<$AM$4),1.2*$M$21*$M$24/AP57,1.2*$M$21*$M$24*$AM$4/AP57^2)) -> 0.28444444 | AT57: =AT56+0.05 -> 2.7 | AU57: =IF(AT57<$AM$8,2.5*$M$20*$M$23*$F$18,IF(AND(AT57>=$AM$8,AT57<$AM$9),1.2*$M$21*$M$24*$F$18/AT57,1.2*$M$21*$M$24*$AM$9*$F$18/AT57^2)) -> #N/A | AV57: =IF(AT57<$AN$8,2.5*$M$20*$AH$76*$F$18,IF(AND(AT57>=$AN$8,AT57<$AN$9),1.2*$M$21*$AH$77*$F$18/AT57,1.2*$M$21*$AH$77*$AN$9*$F$18/AT57^2)) -> #N/A | AW57: =MAX(AU57:AV57) -> #N/A | AZ57: =AZ56+0.05 -> 2.7 | BA57: =IF($F$16="NSR 10",AQ57,AW57) -> 0.28444444
AP58: =AP57+0.05 -> 2.75 | AQ58: =IF(AP58<$AM$3,2.5*$M$20*$M$23,IF(AND(AP58>=$AM$3,AP58<$AM$4),1.2*$M$21*$M$24/AP58,1.2*$M$21*$M$24*$AM$4/AP58^2)) -> 0.27927273 | AT58: =AT57+0.05 -> 2.75 | AU58: =IF(AT58<$AM$8,2.5*$M$20*$M$23*$F$18,IF(AND(AT58>=$AM$8,AT58<$AM$9),1.2*$M$21*$M$24*$F$18/AT58,1.2*$M$21*$M$24*$AM$9*$F$18/AT58^2)) -> #N/A | AV58: =IF(AT58<$AN$8,2.5*$M$20*$AH$76*$F$18,IF(AND(AT58>=$AN$8,AT58<$AN$9),1.2*$M$21*$AH$77*$F$18/AT58,1.2*$M$21*$AH$77*$AN$9*$F$18/AT58^2)) -> #N/A | AW58: =MAX(AU58:AV58) -> #N/A | AZ58: =AZ57+0.05 -> 2.75 | BA58: =IF($F$16="NSR 10",AQ58,AW58) -> 0.27927273
AP59: =AP58+0.05 -> 2.8 | AQ59: =IF(AP59<$AM$3,2.5*$M$20*$M$23,IF(AND(AP59>=$AM$3,AP59<$AM$4),1.2*$M$21*$M$24/AP59,1.2*$M$21*$M$24*$AM$4/AP59^2)) -> 0.27428571 | AT59: =AT58+0.05 -> 2.8 | AU59: =IF(AT59<$AM$8,2.5*$M$20*$M$23*$F$18,IF(AND(AT59>=$AM$8,AT59<$AM$9),1.2*$M$21*$M$24*$F$18/AT59,1.2*$M$21*$M$24*$AM$9*$F$18/AT59^2)) -> #N/A | AV59: =IF(AT59<$AN$8,2.5*$M$20*$AH$76*$F$18,IF(AND(AT59>=$AN$8,AT59<$AN$9),1.2*$M$21*$AH$77*$F$18/AT59,1.2*$M$21*$AH$77*$AN$9*$F$18/AT59^2)) -> #N/A | AW59: =MAX(AU59:AV59) -> #N/A | AZ59: =AZ58+0.05 -> 2.8 | BA59: =IF($F$16="NSR 10",AQ59,AW59) -> 0.27428571
AP60: =AP59+0.05 -> 2.85 | AQ60: =IF(AP60<$AM$3,2.5*$M$20*$M$23,IF(AND(AP60>=$AM$3,AP60<$AM$4),1.2*$M$21*$M$24/AP60,1.2*$M$21*$M$24*$AM$4/AP60^2)) -> 0.26947368 | AT60: =AT59+0.05 -> 2.85 | AU60: =IF(AT60<$AM$8,2.5*$M$20*$M$23*$F$18,IF(AND(AT60>=$AM$8,AT60<$AM$9),1.2*$M$21*$M$24*$F$18/AT60,1.2*$M$21*$M$24*$AM$9*$F$18/AT60^2)) -> #N/A | AV60: =IF(AT60<$AN$8,2.5*$M$20*$AH$76*$F$18,IF(AND(AT60>=$AN$8,AT60<$AN$9),1.2*$M$21*$AH$77*$F$18/AT60,1.2*$M$21*$AH$77*$AN$9*$F$18/AT60^2)) -> #N/A | AW60: =MAX(AU60:AV60) -> #N/A | AZ60: =AZ59+0.05 -> 2.85 | BA60: =IF($F$16="NSR 10",AQ60,AW60) -> 0.26947368
AP61: =AP60+0.05 -> 2.9 | AQ61: =IF(AP61<$AM$3,2.5*$M$20*$M$23,IF(AND(AP61>=$AM$3,AP61<$AM$4),1.2*$M$21*$M$24/AP61,1.2*$M$21*$M$24*$AM$4/AP61^2)) -> 0.26482759 | AT61: =AT60+0.05 -> 2.9 | AU61: =IF(AT61<$AM$8,2.5*$M$20*$M$23*$F$18,IF(AND(AT61>=$AM$8,AT61<$AM$9),1.2*$M$21*$M$24*$F$18/AT61,1.2*$M$21*$M$24*$AM$9*$F$18/AT61^2)) -> #N/A | AV61: =IF(AT61<$AN$8,2.5*$M$20*$AH$76*$F$18,IF(AND(AT61>=$AN$8,AT61<$AN$9),1.2*$M$21*$AH$77*$F$18/AT61,1.2*$M$21*$AH$77*$AN$9*$F$18/AT61^2)) -> #N/A | AW61: =MAX(AU61:AV61) -> #N/A | AZ61: =AZ60+0.05 -> 2.9 | BA61: =IF($F$16="NSR 10",AQ61,AW61) -> 0.26482759
AP62: =AP61+0.05 -> 2.95 | AQ62: =IF(AP62<$AM$3,2.5*$M$20*$M$23,IF(AND(AP62>=$AM$3,AP62<$AM$4),1.2*$M$21*$M$24/AP62,1.2*$M$21*$M$24*$AM$4/AP62^2)) -> 0.26033898 | AT62: =AT61+0.05 -> 2.95 | AU62: =IF(AT62<$AM$8,2.5*$M$20*$M$23*$F$18,IF(AND(AT62>=$AM$8,AT62<$AM$9),1.2*$M$21*$M$24*$F$18/AT62,1.2*$M$21*$M$24*$AM$9*$F$18/AT62^2)) -> #N/A | AV62: =IF(AT62<$AN$8,2.5*$M$20*$AH$76*$F$18,IF(AND(AT62>=$AN$8,AT62<$AN$9),1.2*$M$21*$AH$77*$F$18/AT62,1.2*$M$21*$AH$77*$AN$9*$F$18/AT62^2)) -> #N/A | AW62: =MAX(AU62:AV62) -> #N/A | AZ62: =AZ61+0.05 -> 2.95 | BA62: =IF($F$16="NSR 10",AQ62,AW62) -> 0.26033898
AP63: =AP62+0.05 -> 3 | AQ63: =IF(AP63<$AM$3,2.5*$M$20*$M$23,IF(AND(AP63>=$AM$3,AP63<$AM$4),1.2*$M$21*$M$24/AP63,1.2*$M$21*$M$24*$AM$4/AP63^2)) -> 0.256 | AT63: =AT62+0.05 -> 3 | AU63: =IF(AT63<$AM$8,2.5*$M$20*$M$23*$F$18,IF(AND(AT63>=$AM$8,AT63<$AM$9),1.2*$M$21*$M$24*$F$18/AT63,1.2*$M$21*$M$24*$AM$9*$F$18/AT63^2)) -> #N/A | AV63: =IF(AT63<$AN$8,2.5*$M$20*$AH$76*$F$18,IF(AND(AT63>=$AN$8,AT63<$AN$9),1.2*$M$21*$AH$77*$F$18/AT63,1.2*$M$21*$AH$77*$AN$9*$F$18/AT63^2)) -> #N/A | AW63: =MAX(AU63:AV63) -> #N/A | AZ63: =AZ62+0.05 -> 3 | BA63: =IF($F$16="NSR 10",AQ63,AW63) -> 0.256
AP64: =AP63+0.05 -> 3.05 | AQ64: =IF(AP64<$AM$3,2.5*$M$20*$M$23,IF(AND(AP64>=$AM$3,AP64<$AM$4),1.2*$M$21*$M$24/AP64,1.2*$M$21*$M$24*$AM$4/AP64^2)) -> 0.25180328 | AT64: =AT63+0.05 -> 3.05 | AU64: =IF(AT64<$AM$8,2.5*$M$20*$M$23*$F$18,IF(AND(AT64>=$AM$8,AT64<$AM$9),1.2*$M$21*$M$24*$F$18/AT64,1.2*$M$21*$M$24*$AM$9*$F$18/AT64^2)) -> #N/A | AV64: =IF(AT64<$AN$8,2.5*$M$20*$AH$76*$F$18,IF(AND(AT64>=$AN$8,AT64<$AN$9),1.2*$M$21*$AH$77*$F$18/AT64,1.2*$M$21*$AH$77*$AN$9*$F$18/AT64^2)) -> #N/A | AW64: =MAX(AU64:AV64) -> #N/A | AZ64: =AZ63+0.05 -> 3.05 | BA64: =IF($F$16="NSR 10",AQ64,AW64) -> 0.25180328
AP65: =AP64+0.05 -> 3.1 | AQ65: =IF(AP65<$AM$3,2.5*$M$20*$M$23,IF(AND(AP65>=$AM$3,AP65<$AM$4),1.2*$M$21*$M$24/AP65,1.2*$M$21*$M$24*$AM$4/AP65^2)) -> 0.24774194 | AT65: =AT64+0.05 -> 3.1 | AU65: =IF(AT65<$AM$8,2.5*$M$20*$M$23*$F$18,IF(AND(AT65>=$AM$8,AT65<$AM$9),1.2*$M$21*$M$24*$F$18/AT65,1.2*$M$21*$M$24*$AM$9*$F$18/AT65^2)) -> #N/A | AV65: =IF(AT65<$AN$8,2.5*$M$20*$AH$76*$F$18,IF(AND(AT65>=$AN$8,AT65<$AN$9),1.2*$M$21*$AH$77*$F$18/AT65,1.2*$M$21*$AH$77*$AN$9*$F$18/AT65^2)) -> #N/A | AW65: =MAX(AU65:AV65) -> #N/A | AZ65: =AZ64+0.05 -> 3.1 | BA65: =IF($F$16="NSR 10",AQ65,AW65) -> 0.24774194
AP66: =AP65+0.05 -> 3.15 | AQ66: =IF(AP66<$AM$3,2.5*$M$20*$M$23,IF(AND(AP66>=$AM$3,AP66<$AM$4),1.2*$M$21*$M$24/AP66,1.2*$M$21*$M$24*$AM$4/AP66^2)) -> 0.24380952 | AT66: =AT65+0.05 -> 3.15 | AU66: =IF(AT66<$AM$8,2.5*$M$20*$M$23*$F$18,IF(AND(AT66>=$AM$8,AT66<$AM$9),1.2*$M$21*$M$24*$F$18/AT66,1.2*$M$21*$M$24*$AM$9*$F$18/AT66^2)) -> #N/A | AV66: =IF(AT66<$AN$8,2.5*$M$20*$AH$76*$F$18,IF(AND(AT66>=$AN$8,AT66<$AN$9),1.2*$M$21*$AH$77*$F$18/AT66,1.2*$M$21*$AH$77*$AN$9*$F$18/AT66^2)) -> #N/A | AW66: =MAX(AU66:AV66) -> #N/A | AZ66: =AZ65+0.05 -> 3.15 | BA66: =IF($F$16="NSR 10",AQ66,AW66) -> 0.24380952
... AP75: =AP74+0.05 -> 3.6 | AQ75: =IF(AP75<$AM$3,2.5*$M$20*$M$23,IF(AND(AP75>=$AM$3,AP75<$AM$4),1.2*$M$21*$M$24/AP75,1.2*$M$21*$M$24*$AM$4/AP75^2)) -> 0.21333333 | AT75: =AT74+0.05 -> 3.6 | AU75: =IF(AT75<$AM$8,2.5*$M$20*$M$23*$F$18,IF(AND(AT75>=$AM$8,AT75<$AM$9),1.2*$M$21*$M$24*$F$18/AT75,1.2*$M$21*$M$24*$AM$9*$F$18/AT75^2)) -> #N/A | AV75: =IF(AT75<$AN$8,2.5*$M$20*$AH$76*$F$18,IF(AND(AT75>=$AN$8,AT75<$AN$9),1.2*$M$21*$AH$77*$F$18/AT75,1.2*$M$21*$AH$77*$AN$9*$F$18/AT75^2)) -> #N/A | AW75: =MAX(AU75:AV75) -> #N/A | AZ75: =AZ74+0.05 -> 3.6 | BA75: =IF($F$16="NSR 10",AQ75,AW75) -> 0.21333333
AH76: =IF(F16="MZSC 14",AG24,"") | AP76: =AP75+0.05 -> 3.65 | AQ76: =IF(AP76<$AM$3,2.5*$M$20*$M$23,IF(AND(AP76>=$AM$3,AP76<$AM$4),1.2*$M$21*$M$24/AP76,1.2*$M$21*$M$24*$AM$4/AP76^2)) -> 0.21041096 | AT76: =AT75+0.05 -> 3.65 | AU76: =IF(AT76<$AM$8,2.5*$M$20*$M$23*$F$18,IF(AND(AT76>=$AM$8,AT76<$AM$9),1.2*$M$21*$M$24*$F$18/AT76,1.2*$M$21*$M$24*$AM$9*$F$18/AT76^2)) -> #N/A | AV76: =IF(AT76<$AN$8,2.5*$M$20*$AH$76*$F$18,IF(AND(AT76>=$AN$8,AT76<$AN$9),1.2*$M$21*$AH$77*$F$18/AT76,1.2*$M$21*$AH$77*$AN$9*$F$18/AT76^2)) -> #N/A | AW76: =MAX(AU76:AV76) -> #N/A | AZ76: =AZ75+0.05 -> 3.65 | BA76: =IF($F$16="NSR 10",AQ76,AW76) -> 0.21041096
AH77: =IF(F16="MZSC 14",AG25,"") | AP77: =AP76+0.05 -> 3.7 | AQ77: =IF(AP77<$AM$3,2.5*$M$20*$M$23,IF(AND(AP77>=$AM$3,AP77<$AM$4),1.2*$M$21*$M$24/AP77,1.2*$M$21*$M$24*$AM$4/AP77^2)) -> 0.20756757 | AT77: =AT76+0.05 -> 3.7 | AU77: =IF(AT77<$AM$8,2.5*$M$20*$M$23*$F$18,IF(AND(AT77>=$AM$8,AT77<$AM$9),1.2*$M$21*$M$24*$F$18/AT77,1.2*$M$21*$M$24*$AM$9*$F$18/AT77^2)) -> #N/A | AV77: =IF(AT77<$AN$8,2.5*$M$20*$AH$76*$F$18,IF(AND(AT77>=$AN$8,AT77<$AN$9),1.2*$M$21*$AH$77*$F$18/AT77,1.2*$M$21*$AH$77*$AN$9*$F$18/AT77^2)) -> #N/A | AW77: =MAX(AU77:AV77) -> #N/A | AZ77: =AZ76+0.05 -> 3.7 | BA77: =IF($F$16="NSR 10",AQ77,AW77) -> 0.20756757
AP78: =AP77+0.05 -> 3.75 | AQ78: =IF(AP78<$AM$3,2.5*$M$20*$M$23,IF(AND(AP78>=$AM$3,AP78<$AM$4),1.2*$M$21*$M$24/AP78,1.2*$M$21*$M$24*$AM$4/AP78^2)) -> 0.2048 | AT78: =AT77+0.05 -> 3.75 | AU78: =IF(AT78<$AM$8,2.5*$M$20*$M$23*$F$18,IF(AND(AT78>=$AM$8,AT78<$AM$9),1.2*$M$21*$M$24*$F$18/AT78,1.2*$M$21*$M$24*$AM$9*$F$18/AT78^2)) -> #N/A | AV78: =IF(AT78<$AN$8,2.5*$M$20*$AH$76*$F$18,IF(AND(AT78>=$AN$8,AT78<$AN$9),1.2*$M$21*$AH$77*$F$18/AT78,1.2*$M$21*$AH$77*$AN$9*$F$18/AT78^2)) -> #N/A | AW78: =MAX(AU78:AV78) -> #N/A | AZ78: =AZ77+0.05 -> 3.75 | BA78: =IF($F$16="NSR 10",AQ78,AW78) -> 0.2048
AH79: =IF(F16="MZSC 14",AN8,"") | AP79: =AP78+0.05 -> 3.8 | AQ79: =IF(AP79<$AM$3,2.5*$M$20*$M$23,IF(AND(AP79>=$AM$3,AP79<$AM$4),1.2*$M$21*$M$24/AP79,1.2*$M$21*$M$24*$AM$4/AP79^2)) -> 0.20210526 | AT79: =AT78+0.05 -> 3.8 | AU79: =IF(AT79<$AM$8,2.5*$M$20*$M$23*$F$18,IF(AND(AT79>=$AM$8,AT79<$AM$9),1.2*$M$21*$M$24*$F$18/AT79,1.2*$M$21*$M$24*$AM$9*$F$18/AT79^2)) -> #N/A | AV79: =IF(AT79<$AN$8,2.5*$M$20*$AH$76*$F$18,IF(AND(AT79>=$AN$8,AT79<$AN$9),1.2*$M$21*$AH$77*$F$18/AT79,1.2*$M$21*$AH$77*$AN$9*$F$18/AT79^2)) -> #N/A | AW79: =MAX(AU79:AV79) -> #N/A | AZ79: =AZ78+0.05 -> 3.8 | BA79: =IF($F$16="NSR 10",AQ79,AW79) -> 0.20210526
AH80: =IF(F16="MZSC 14",AN9,"") | AP80: =AP79+0.05 -> 3.85 | AQ80: =IF(AP80<$AM$3,2.5*$M$20*$M$23,IF(AND(AP80>=$AM$3,AP80<$AM$4),1.2*$M$21*$M$24/AP80,1.2*$M$21*$M$24*$AM$4/AP80^2)) -> 0.19948052 | AT80: =AT79+0.05 -> 3.85 | AU80: =IF(AT80<$AM$8,2.5*$M$20*$M$23*$F$18,IF(AND(AT80>=$AM$8,AT80<$AM$9),1.2*$M$21*$M$24*$F$18/AT80,1.2*$M$21*$M$24*$AM$9*$F$18/AT80^2)) -> #N/A | AV80: =IF(AT80<$AN$8,2.5*$M$20*$AH$76*$F$18,IF(AND(AT80>=$AN$8,AT80<$AN$9),1.2*$M$21*$AH$77*$F$18/AT80,1.2*$M$21*$AH$77*$AN$9*$F$18/AT80^2)) -> #N/A | AW80: =MAX(AU80:AV80) -> #N/A | AZ80: =AZ79+0.05 -> 3.85 | BA80: =IF($F$16="NSR 10",AQ80,AW80) -> 0.19948052
AP81: =AP80+0.05 -> 3.9 | AQ81: =IF(AP81<$AM$3,2.5*$M$20*$M$23,IF(AND(AP81>=$AM$3,AP81<$AM$4),1.2*$M$21*$M$24/AP81,1.2*$M$21*$M$24*$AM$4/AP81^2)) -> 0.19692308 | AT81: =AT80+0.05 -> 3.9 | AU81: =IF(AT81<$AM$8,2.5*$M$20*$M$23*$F$18,IF(AND(AT81>=$AM$8,AT81<$AM$9),1.2*$M$21*$M$24*$F$18/AT81,1.2*$M$21*$M$24*$AM$9*$F$18/AT81^2)) -> #N/A | AV81: =IF(AT81<$AN$8,2.5*$M$20*$AH$76*$F$18,IF(AND(AT81>=$AN$8,AT81<$AN$9),1.2*$M$21*$AH$77*$F$18/AT81,1.2*$M$21*$AH$77*$AN$9*$F$18/AT81^2)) -> #N/A | AW81: =MAX(AU81:AV81) -> #N/A | AZ81: =AZ80+0.05 -> 3.9 | BA81: =IF($F$16="NSR 10",AQ81,AW81) -> 0.19692308
AP82: =AP81+0.05 -> 3.95 | AQ82: =IF(AP82<$AM$3,2.5*$M$20*$M$23,IF(AND(AP82>=$AM$3,AP82<$AM$4),1.2*$M$21*$M$24/AP82,1.2*$M$21*$M$24*$AM$4/AP82^2)) -> 0.19443038 | AT82: =AT81+0.05 -> 3.95 | AU82: =IF(AT82<$AM$8,2.5*$M$20*$M$23*$F$18,IF(AND(AT82>=$AM$8,AT82<$AM$9),1.2*$M$21*$M$24*$F$18/AT82,1.2*$M$21*$M$24*$AM$9*$F$18/AT82^2)) -> #N/A | AV82: =IF(AT82<$AN$8,2.5*$M$20*$AH$76*$F$18,IF(AND(AT82>=$AN$8,AT82<$AN$9),1.2*$M$21*$AH$77*$F$18/AT82,1.2*$M$21*$AH$77*$AN$9*$F$18/AT82^2)) -> #N/A | AW82: =MAX(AU82:AV82) -> #N/A | AZ82: =AZ81+0.05 -> 3.95 | BA82: =IF($F$16="NSR 10",AQ82,AW82) -> 0.19443038
AP83: =AP82+0.05 -> 4 | AQ83: =IF(AP83<$AM$3,2.5*$M$20*$M$23,IF(AND(AP83>=$AM$3,AP83<$AM$4),1.2*$M$21*$M$24/AP83,1.2*$M$21*$M$24*$AM$4/AP83^2)) -> 0.192 | AT83: =AT82+0.05 -> 4 | AU83: =IF(AT83<$AM$8,2.5*$M$20*$M$23*$F$18,IF(AND(AT83>=$AM$8,AT83<$AM$9),1.2*$M$21*$M$24*$F$18/AT83,1.2*$M$21*$M$24*$AM$9*$F$18/AT83^2)) -> #N/A | AV83: =IF(AT83<$AN$8,2.5*$M$20*$AH$76*$F$18,IF(AND(AT83>=$AN$8,AT83<$AN$9),1.2*$M$21*$AH$77*$F$18/AT83,1.2*$M$21*$AH$77*$AN$9*$F$18/AT83^2)) -> #N/A | AW83: =MAX(AU83:AV83) -> #N/A | AZ83: =AZ82+0.05 -> 4 | BA83: =IF($F$16="NSR 10",AQ83,AW83) -> 0.192
AP84: =AP83+0.05 -> 4.05 | AQ84: =IF(AP84<$AM$3,2.5*$M$20*$M$23,IF(AND(AP84>=$AM$3,AP84<$AM$4),1.2*$M$21*$M$24/AP84,1.2*$M$21*$M$24*$AM$4/AP84^2)) -> 0.18962963 | AT84: =AT83+0.05 -> 4.05 | AU84: =IF(AT84<$AM$8,2.5*$M$20*$M$23*$F$18,IF(AND(AT84>=$AM$8,AT84<$AM$9),1.2*$M$21*$M$24*$F$18/AT84,1.2*$M$21*$M$24*$AM$9*$F$18/AT84^2)) -> #N/A | AV84: =IF(AT84<$AN$8,2.5*$M$20*$AH$76*$F$18,IF(AND(AT84>=$AN$8,AT84<$AN$9),1.2*$M$21*$AH$77*$F$18/AT84,1.2*$M$21*$AH$77*$AN$9*$F$18/AT84^2)) -> #N/A | AW84: =MAX(AU84:AV84) -> #N/A | AZ84: =AZ83+0.05 -> 4.05 | BA84: =IF($F$16="NSR 10",AQ84,AW84) -> 0.18962963
AP85: =AP84+0.05 -> 4.1 | AQ85: =IF(AP85<$AM$3,2.5*$M$20*$M$23,IF(AND(AP85>=$AM$3,AP85<$AM$4),1.2*$M$21*$M$24/AP85,1.2*$M$21*$M$24*$AM$4/AP85^2)) -> 0.18731707 | AT85: =AT84+0.05 -> 4.1 | AU85: =IF(AT85<$AM$8,2.5*$M$20*$M$23*$F$18,IF(AND(AT85>=$AM$8,AT85<$AM$9),1.2*$M$21*$M$24*$F$18/AT85,1.2*$M$21*$M$24*$AM$9*$F$18/AT85^2)) -> #N/A | AV85: =IF(AT85<$AN$8,2.5*$M$20*$AH$76*$F$18,IF(AND(AT85>=$AN$8,AT85<$AN$9),1.2*$M$21*$AH$77*$F$18/AT85,1.2*$M$21*$AH$77*$AN$9*$F$18/AT85^2)) -> #N/A | AW85: =MAX(AU85:AV85) -> #N/A | AZ85: =AZ84+0.05 -> 4.1 | BA85: =IF($F$16="NSR 10",AQ85,AW85) -> 0.18731707
AP86: =AP85+0.05 -> 4.15 | AQ86: =IF(AP86<$AM$3,2.5*$M$20*$M$23,IF(AND(AP86>=$AM$3,AP86<$AM$4),1.2*$M$21*$M$24/AP86,1.2*$M$21*$M$24*$AM$4/AP86^2)) -> 0.18506024 | AT86: =AT85+0.05 -> 4.15 | AU86: =IF(AT86<$AM$8,2.5*$M$20*$M$23*$F$18,IF(AND(AT86>=$AM$8,AT86<$AM$9),1.2*$M$21*$M$24*$F$18/AT86,1.2*$M$21*$M$24*$AM$9*$F$18/AT86^2)) -> #N/A | AV86: =IF(AT86<$AN$8,2.5*$M$20*$AH$76*$F$18,IF(AND(AT86>=$AN$8,AT86<$AN$9),1.2*$M$21*$AH$77*$F$18/AT86,1.2*$M$21*$AH$77*$AN$9*$F$18/AT86^2)) -> #N/A | AW86: =MAX(AU86:AV86) -> #N/A | AZ86: =AZ85+0.05 -> 4.15 | BA86: =IF($F$16="NSR 10",AQ86,AW86) -> 0.18506024
AP87: =AP86+0.05 -> 4.2 | AQ87: =IF(AP87<$AM$3,2.5*$M$20*$M$23,IF(AND(AP87>=$AM$3,AP87<$AM$4),1.2*$M$21*$M$24/AP87,1.2*$M$21*$M$24*$AM$4/AP87^2)) -> 0.18285714 | AT87: =AT86+0.05 -> 4.2 | AU87: =IF(AT87<$AM$8,2.5*$M$20*$M$23*$F$18,IF(AND(AT87>=$AM$8,AT87<$AM$9),1.2*$M$21*$M$24*$F$18/AT87,1.2*$M$21*$M$24*$AM$9*$F$18/AT87^2)) -> #N/A | AV87: =IF(AT87<$AN$8,2.5*$M$20*$AH$76*$F$18,IF(AND(AT87>=$AN$8,AT87<$AN$9),1.2*$M$21*$AH$77*$F$18/AT87,1.2*$M$21*$AH$77*$AN$9*$F$18/AT87^2)) -> #N/A | AW87: =MAX(AU87:AV87) -> #N/A | AZ87: =AZ86+0.05 -> 4.2 | BA87: =IF($F$16="NSR 10",AQ87,AW87) -> 0.18285714
AP88: =AP87+0.05 -> 4.25 | AQ88: =IF(AP88<$AM$3,2.5*$M$20*$M$23,IF(AND(AP88>=$AM$3,AP88<$AM$4),1.2*$M$21*$M$24/AP88,1.2*$M$21*$M$24*$AM$4/AP88^2)) -> 0.18070588 | AT88: =AT87+0.05 -> 4.25 | AU88: =IF(AT88<$AM$8,2.5*$M$20*$M$23*$F$18,IF(AND(AT88>=$AM$8,AT88<$AM$9),1.2*$M$21*$M$24*$F$18/AT88,1.2*$M$21*$M$24*$AM$9*$F$18/AT88^2)) -> #N/A | AV88: =IF(AT88<$AN$8,2.5*$M$20*$AH$76*$F$18,IF(AND(AT88>=$AN$8,AT88<$AN$9),1.2*$M$21*$AH$77*$F$18/AT88,1.2*$M$21*$AH$77*$AN$9*$F$18/AT88^2)) -> #N/A | AW88: =MAX(AU88:AV88) -> #N/A | AZ88: =AZ87+0.05 -> 4.25 | BA88: =IF($F$16="NSR 10",AQ88,AW88) -> 0.18070588
AP89: =AP88+0.05 -> 4.3 | AQ89: =IF(AP89<$AM$3,2.5*$M$20*$M$23,IF(AND(AP89>=$AM$3,AP89<$AM$4),1.2*$M$21*$M$24/AP89,1.2*$M$21*$M$24*$AM$4/AP89^2)) -> 0.17860465 | AT89: =AT88+0.05 -> 4.3 | AU89: =IF(AT89<$AM$8,2.5*$M$20*$M$23*$F$18,IF(AND(AT89>=$AM$8,AT89<$AM$9),1.2*$M$21*$M$24*$F$18/AT89,1.2*$M$21*$M$24*$AM$9*$F$18/AT89^2)) -> #N/A | AV89: =IF(AT89<$AN$8,2.5*$M$20*$AH$76*$F$18,IF(AND(AT89>=$AN$8,AT89<$AN$9),1.2*$M$21*$AH$77*$F$18/AT89,1.2*$M$21*$AH$77*$AN$9*$F$18/AT89^2)) -> #N/A | AW89: =MAX(AU89:AV89) -> #N/A | AZ89: =AZ88+0.05 -> 4.3 | BA89: =IF($F$16="NSR 10",AQ89,AW89) -> 0.17860465
AP90: =AP89+0.05 -> 4.35 | AQ90: =IF(AP90<$AM$3,2.5*$M$20*$M$23,IF(AND(AP90>=$AM$3,AP90<$AM$4),1.2*$M$21*$M$24/AP90,1.2*$M$21*$M$24*$AM$4/AP90^2)) -> 0.17655172 | AT90: =AT89+0.05 -> 4.35 | AU90: =IF(AT90<$AM$8,2.5*$M$20*$M$23*$F$18,IF(AND(AT90>=$AM$8,AT90<$AM$9),1.2*$M$21*$M$24*$F$18/AT90,1.2*$M$21*$M$24*$AM$9*$F$18/AT90^2)) -> #N/A | AV90: =IF(AT90<$AN$8,2.5*$M$20*$AH$76*$F$18,IF(AND(AT90>=$AN$8,AT90<$AN$9),1.2*$M$21*$AH$77*$F$18/AT90,1.2*$M$21*$AH$77*$AN$9*$F$18/AT90^2)) -> #N/A | AW90: =MAX(AU90:AV90) -> #N/A | AZ90: =AZ89+0.05 -> 4.35 | BA90: =IF($F$16="NSR 10",AQ90,AW90) -> 0.17655172
AP91: =AP90+0.05 -> 4.4 | AQ91: =IF(AP91<$AM$3,2.5*$M$20*$M$23,IF(AND(AP91>=$AM$3,AP91<$AM$4),1.2*$M$21*$M$24/AP91,1.2*$M$21*$M$24*$AM$4/AP91^2)) -> 0.17454545 | AT91: =AT90+0.05 -> 4.4 | AU91: =IF(AT91<$AM$8,2.5*$M$20*$M$23*$F$18,IF(AND(AT91>=$AM$8,AT91<$AM$9),1.2*$M$21*$M$24*$F$18/AT91,1.2*$M$21*$M$24*$AM$9*$F$18/AT91^2)) -> #N/A | AV91: =IF(AT91<$AN$8,2.5*$M$20*$AH$76*$F$18,IF(AND(AT91>=$AN$8,AT91<$AN$9),1.2*$M$21*$AH$77*$F$18/AT91,1.2*$M$21*$AH$77*$AN$9*$F$18/AT91^2)) -> #N/A | AW91: =MAX(AU91:AV91) -> #N/A | AZ91: =AZ90+0.05 -> 4.4 | BA91: =IF($F$16="NSR 10",AQ91,AW91) -> 0.17454545
AP92: =AP91+0.05 -> 4.45 | AQ92: =IF(AP92<$AM$3,2.5*$M$20*$M$23,IF(AND(AP92>=$AM$3,AP92<$AM$4),1.2*$M$21*$M$24/AP92,1.2*$M$21*$M$24*$AM$4/AP92^2)) -> 0.17258427 | AT92: =AT91+0.05 -> 4.45 | AU92: =IF(AT92<$AM$8,2.5*$M$20*$M$23*$F$18,IF(AND(AT92>=$AM$8,AT92<$AM$9),1.2*$M$21*$M$24*$F$18/AT92,1.2*$M$21*$M$24*$AM$9*$F$18/AT92^2)) -> #N/A | AV92: =IF(AT92<$AN$8,2.5*$M$20*$AH$76*$F$18,IF(AND(AT92>=$AN$8,AT92<$AN$9),1.2*$M$21*$AH$77*$F$18/AT92,1.2*$M$21*$AH$77*$AN$9*$F$18/AT92^2)) -> #N/A | AW92: =MAX(AU92:AV92) -> #N/A | AZ92: =AZ91+0.05 -> 4.45 | BA92: =IF($F$16="NSR 10",AQ92,AW92) -> 0.17258427
... AP163: =AP162+0.05 -> 8 | AQ163: =IF(AP163<$AM$3,2.5*$M$20*$M$23,IF(AND(AP163>=$AM$3,AP163<$AM$4),1.2*$M$21*$M$24/AP163,1.2*$M$21*$M$24*$AM$4/AP163^2)) -> 0.09216 | AT163: =AT162+0.05 -> 8 | AU163: =IF(AT163<$AM$8,2.5*$M$20*$M$23*$F$18,IF(AND(AT163>=$AM$8,AT163<$AM$9),1.2*$M$21*$M$24*$F$18/AT163,1.2*$M$21*$M$24*$AM$9*$F$18/AT163^2)) -> #N/A | AV163: =IF(AT163<$AN$8,2.5*$M$20*$AH$76*$F$18,IF(AND(AT163>=$AN$8,AT163<$AN$9),1.2*$M$21*$AH$77*$F$18/AT163,1.2*$M$21*$AH$77*$AN$9*$F$18/AT163^2)) -> #N/A | AW163: =MAX(AU163:AV163) -> #N/A | AZ163: =AZ162+0.05 -> 8 | BA163: =IF($F$16="NSR 10",AQ163,AW163) -> 0.09216

Sheet 4. MASA (MODELO)
A1: ='0. CARTA RESPONSABILIDAD'!A1 -> Memoria de cálculos estructurales | F1: Proyecto: | H1: ='0. CARTA RESPONSABILIDAD'!H1 -> EDIFICACIÓN LOCALES COMERCIALES | O1: Fecha: | Q1: ='0. CARTA RESPONSABILIDAD'!Q1 -> Mayo de 2025
O2: Diseño: | Q2: ='0. CARTA RESPONSABILIDAD'!Q2
F3: Contiene: | H3: DISTRIBUCIÓN DE MASAS | O3: Revisión: | Q3: ='0. CARTA RESPONSABILIDAD'!Q3 -> R0
B5: 4. DISTRIBUCIÓN DE MASAS
W7: Story forces. D. Bottom
B8: Se presenta la distribución de masas (pesos propios de elementos y cargas sobreimpuestas) por cada piso de la edificación:
W9: # | X9: Story | Y9: P | Z9: P piso | AB9: Elevación
F10: Story o Nivel | K10: Masa | Y10: KN | Z10: KN | AB10: m
K11: KN | W11: 15 | Z11: 0 | AB11: =MID(X11,3,100)
F12: ="#"&W11 -> #15 | H12: =IF(X11="","",X11) | W12: =W11-1 -> 14 | Z12: 0 | AB12: =MID(X12,3,100)
F13: ="#"&W12 -> #14 | H13: =IF(X12="","",X12) | W13: =W12-1 -> 13 | Z13: 0 | AB13: =MID(X13,3,100)
F14: ="#"&W13 -> #13 | H14: =IF(X13="","",X13) | W14: =W13-1 -> 12 | Z14: 0 | AB14: =MID(X14,3,100)
F15: ="#"&W14 -> #12 | H15: =IF(X14="","",X14) | W15: =W14-1 -> 11 | Z15: 0 | AB15: =MID(X15,3,100)
F16: ="#"&W15 -> #11 | H16: =IF(X15="","",X15) | W16: =W15-1 -> 10 | Z16: 0 | AB16: =MID(X16,3,100)
F17: ="#"&W16 -> #10 | H17: =IF(X16="","",X16) | W17: =W16-1 -> 9 | Z17: 0 | AB17: =MID(X17,3,100)
F18: ="#"&W17 -> #9 | H18: =IF(X17="","",X17) | W18: =W17-1 -> 8 | Z18: 0 | AB18: =MID(X18,3,100)
F19: ="#"&W18 -> #8 | H19: =IF(X18="","",X18) | W19: =W18-1 -> 7 | Z19: 0 | AB19: =MID(X19,3,100)
F20: ="#"&W19 -> #7 | H20: =IF(X19="","",X19) | W20: =W19-1 -> 6 | Z20: 0
F21: ="#"&W20 -> #6 | H21: =IF(X20="","",X20) | W21: =W20-1 -> 5 | Z21: =Y21-Y20 -> 0
F22: ="#"&W21 -> #5 | H22: =IF(X21="","",X21) | W22: =W21-1 -> 4 | Z22: =Y22-Y21 -> 0
F23: ="#"&W22 -> #4 | H23: =IF(X22="","",X22) | W23: =W22-1 -> 3 | X23: N+08.10 | Y23: 3072.9181 | Z23: =Y23-Y22 -> 3072.9181 | AB23: 3.1
F24: ="#"&W23 -> #3 | H24: =IF(X23="","",X23) -> N+08.10 | K24: =IF(Z23="","",Z23) -> 3072.9181 | W24: =W23-1 -> 2 | X24: N+05.00 | Y24: 6818.6868 | Z24: =Y24-Y23 -> 3745.7687 | AB24: 5
F25: ="#"&W24 -> #2 | H25: =IF(X24="","",X24) -> N+05.00 | K25: =IF(Z24="","",Z24) -> 3745.7687 | W25: =W24-1 -> 1 | X25: N-0.00 | Y25: =Y24 -> 6818.6868 | Z25: =Y25-Y24 -> 0 | AB25: 0
F26: ="#"&W25 -> #1 | H26: =IF(X25="","",X25) -> N-0.00 | K26: =IF(Z25="","",Z25) -> 0
H27: TOTAL | K27: =SUM(K12:N26) -> 6818.6868

Sheet 5. IRREGULARIDADES
A1: ='0. CARTA RESPONSABILIDAD'!A1 -> Memoria de cálculos estructurales | F1: Proyecto: | H1: ='0. CARTA RESPONSABILIDAD'!H1 -> EDIFICACIÓN LOCALES COMERCIALES | O1: Fecha: | Q1: ='0. CARTA RESPONSABILIDAD'!Q1 -> Mayo de 2025
O2: Diseño: | Q2: ='0. CARTA RESPONSABILIDAD'!Q2
F3: Contiene: | H3: CHEQUEO IRREGULARIDAD Y COEF. R | O3: Revisión: | Q3: ='0. CARTA RESPONSABILIDAD'!Q3 -> R0
B5: 5. IRREGULARIDADES
B8: 3.1. IRREGULARIDADES EN PLANTA
B10: 3.1.1 Irregularidad torsional (1aP,1bP) | L10: 3.1.2 Retrocesos en las esquinas (2P)
B12: Nivel | C12: Δmax | E12: Δavg | G12: Δmax/Δavg | H12: φp | I12: Irregular | L12: A | M12: 0 | N12: m
B13: 3 | C13: 0.01 | E13: 0.01 | G13: =C13/E13 -> 1 | I13: =IF(AND(1.4>=G13,G13>1.2),0.9,IF(G13>1.4,0.8,1)) -> 1 | J13: =IF(I13=0.9,"1aP",IF(I13=0.8,"1bP","NO")) -> NO | L13: B | M13: 20.75 | N13: m
L14: C | M14: 0 | N14: m
L15: D | M15: 20.75 | N15: m
L17: A>0.15B | N17: =IF(M12>0.15*M13,"2P","OK") -> OK
L18: C>0.15D | N18: =IF(M14>0.15*M15,"2P","OK") -> OK
H19: φp | I19: =MIN(I13:I18) -> 1 | L19: φp | N19: =IF(OR(N17="2P",N18="2P"),0.9,1) -> 1
B30: 3.1.3 Irregularidad del diafragma (3P)
F32: A | G32: =+M13 -> 20.75 | H32: m | O32: A | P32: =+M13 -> 20.75 | Q32: m
F33: B | G33: =+M15 -> 20.75 | H33: m | O33: B | P33: =+M15 -> 20.75 | Q33: m
F34: C | G34: 0 | H34: m | O34: C | P34: 0 | Q34: m
F35: D | G35: 0 | H35: m | O35: D | P35: 0 | Q35: m
O36: E | P36: 0 | Q36: m
F38: CxD>0.5AxB | H38: =IF(G34*G35>0.5*G32*G33,"3P","OK") -> OK | O38: (CxD+CxE)>0.5AxB | R38: =IF(P34*P35+P34*P36>0.5*P32*P33,"3P","OK") -> OK
F39: φp | H39: =IF(H38="3P",0.9,1) -> 1 | O39: φp | R39: =IF(R38="3P",0.9,1) -> 1
B50: 3.1.4 Desplazamiento del plano de acción (4P) | M50: 3.1.5 Sistemas no paralelos (5P)
B52: ¿Aplica? | D52: NO | E52: φp | F52: =IF(D52="SÍ",0.8,1) -> 1 | M52: ¿Aplica? | O52: NO | P52: φp | Q52: =IF(O52="SÍ",0.8,1) -> 1
B67: 3.2. IRREGULARIDADES EN ALTURA
B69: 3.2.1 Piso flexible (1aA, 1bA) | G69: ¿Aplica? | I69: NO | M69: 3.2.2 Distribución de masa (2A) | R69: ¿Aplica? | T69: NO
B71: Piso i | C71: Rigidez i | D71: φa - flexible | F71: φa - extremo | M71: Piso i | N71: Masa i | O71: φa
D72: Ec. 1 | E72: Ec. 2 | F72: Ec. 3 | G72: Ec. 4 | N72: KN
B73: J | M73: J
B74: I | M74: I | O74: =IF(OR(N74>1.5*N73,N74>1.5*N75),0.9,1) -> 1
B75: H | M75: H | O75: =IF(OR(N75>1.5*N74,N75>1.5*N76),0.9,1) -> 1
B76: G | M76: G | O76: =IF(OR(N76>1.5*N75,N76>1.5*N77),0.9,1) -> 1
B77: F | M77: F | O77: =IF(OR(N77>1.5*N76,N77>1.5*N78),0.9,1) -> 1
B78: E | M78: E | O78: =IF(OR(N78>1.5*N77,N78>1.5*N79),0.9,1) -> 1
B79: D | M79: D | N79: ='4. MASA (MODELO)'!K23 -> 0 | O79: =IF(OR(N79>1.5*N78,N79>1.5*N80),0.9,1) -> 1
B80: C | M80: C | N80: ='4. MASA (MODELO)'!K24 -> 3072.9181 | O80: =IF(OR(N80>1.5*N79,N80>1.5*N81),0.9,1) -> 0.9
B81: B | M81: B | N81: ='4. MASA (MODELO)'!K25 -> 3745.7687 | O81: =IF(OR(N81>1.5*N80,N81>1.5*N82),0.9,1) -> 0.9
B82: A | M82: A | N82: ='4. MASA (MODELO)'!K26 -> 0
B84: φa | C84: =IF(I69="SÍ",MIN(D73:G82),1) -> 1 | M84: φa | N84: =IF(T69="NO",1,MIN(O73:O82)) -> 1
B86: Ec. 1 | C86: 0.6Ki+1<=Ki<0.7Ki+1
B87: Ec. 2 | C87: 0.7/3(Ki+1 + Ki+2 + Ki+3)<=Ki<0.8/3(Ki+1 + Ki+2 + Ki+3)
B88: Ec. 3 | C88: Ki<0.6Ki+1
B89: Ec. 4 | C89: Ki<0.7/3(Ki+1 + Ki+2 + Ki+3)
B91: 3.2.3 Geométrica (3A) | F91: ¿Aplica? | H91: NO | L91: 3.2.4 Desplazamiento dentro del plano de acción (4A)
B93: a | D93: m | L93: a | N93: m
B94: b | D94: m | L94: b | N94: m
B96: φa | C96: =IF(H91="NO",1,IF(C93>1.3*C94,0.9,1)) -> 1 | L96: ¿Aplica? | N96: NO
L97: φa | N97: =IF(N96="NO",1,IF(M94>M93,0.8,1)) -> 1
B107: 3.2.4 Piso débil (5A) | F107: ¿Aplica? | H107: NO
B109: Piso i | C109: Resistencia i | E109: φa Piso débil
E110: Ec. 1 | F110: Ec. 2
E111: Mpa | F111: Mpa | M111: Ec. 1 | N111: 0.65Res Pi+1<=Res Pi<0.80Res Pi+1
B112: J | E112: =IF(AND(0.65*C112<=C113,C113<0.8*C112),0.9,"") | F112: =IF(AND(0.65*D112<=D113,D113<0.8*D112),0.9,"") | M112: Ec. 2 | N112: Res Pi<0.65Res Pi+1
B113: I | E113: =IF(AND(0.65*C113<=C114,C114<0.8*C113),0.9,"") | F113: =IF(AND(0.65*D113<=D114,D114<0.8*D113),0.9,"")
B114: H | E114: =IF(AND(0.65*C114<=C115,C115<0.8*C114),0.9,"") | F114: =IF(AND(0.65*D114<=D115,D115<0.8*D114),0.9,"")
B115: G | E115: =IF(AND(0.65*C115<=C116,C116<0.8*C115),0.9,"") | F115: =IF(AND(0.65*D115<=D116,D116<0.8*D115),0.9,"")
B116: F | E116: =IF(AND(0.65*C116<=C117,C117<0.8*C116),0.9,"") | F116: =IF(AND(0.65*D116<=D117,D117<0.8*D116),0.9,"")
B117: E | E117: =IF(AND(0.65*C117<=C118,C118<0.8*C117),0.9,"") | F117: =IF(AND(0.65*D117<=D118,D118<0.8*D117),0.9,"")
B118: D | E118: =IF(AND(0.65*C118<=C119,C119<0.8*C118),0.9,"") | F118: =IF(AND(0.65*D118<=D119,D119<0.8*D118),0.9,"")
B119: C | E119: =IF(AND(0.65*C119<=C120,C120<0.8*C119),0.9,"") | F119: =IF(AND(0.65*D119<=D120,D120<0.8*D119),0.9,"")
B120: B | E120: =IF(AND(0.65*C120<=C121,C121<0.8*C120),0.9,"") | F120: =IF(AND(0.65*D120<=D121,D121<0.8*D120),0.9,"")
B121: A
B123: φa | C123: =IF(H107="NO",1,MIN(E112:F121)) -> 1
B129: 3.3. AUSENCIA DE REDUNDANCIA
B131: 3.3.1 Sentido X
C133: ¿Se considera? | F133: SÍ | H133: φrx | I133: =IF(F133="Sí",0.75,1) -> 0.75
C135: Puesto que se tienen 3 elementos por eje en el sentido X, se considera que sí se dará una reducción en la capacidad de soportar cargas horizontales.
B138: 3.3.2 Sentido Y
C140: ¿Se considera? | F140: NO | H140: φry | I140: =IF(F140="Sí",0.75,1) -> 1
C142: Puesto que se tienen más de 3 elementos por eje en el sentido Y, se considera que no se dará una reducción en la capacidad de soportar cargas horizontales.
B145: COEF. POR CAPACIDAD DE DISIPACIÓN DE ENERGÍA | L145: Rox | M145: ='0. INICIO'!M24 -> 7 | O145: Roy | P145: ='0. INICIO'!M25 -> 7
B146: FACTOR POR IRREGULARIDAD EN ALTURA | L146: φa | M146: =MIN(C123,N97,N84,C96,C84) -> 1 | O146: φa | P146: =M146 -> 1
B147: FACTOR POR IRREGULARIDAD EN PLANTA | L147: φp | M147: =MIN(F52,Q52,H39,R39,N19,I19) -> 1 | O147: φp | P147: =M147 -> 1
B148: FACTOR POR REDUNDANCIA | L148: Φr | M148: =I133 -> 0.75 | O148: Φr | P148: =I140 -> 1
B150: COEF. POR CAPACIDAD DE DISIPACIÓN DE ENERGÍA | L150: R | M150: =M145*M146*M147*M148 -> 5.25 | O150: R | P150: =P145*P146*P147*P148 -> 7

Sheet 6. PERIODOS Y MASA EXCITADA
A1: ='0. CARTA RESPONSABILIDAD'!A1 -> Memoria de cálculos estructurales | F1: Proyecto: | H1: ='0. CARTA RESPONSABILIDAD'!H1 -> EDIFICACIÓN LOCALES COMERCIALES | O1: Fecha: | Q1: ='0. CARTA RESPONSABILIDAD'!Q1 -> Mayo de 2025
O2: Diseño: | Q2: ='0. CARTA RESPONSABILIDAD'!Q2 | W2: Modal participation mass ratios
F3: Contiene: | H3: PERIODOS Y MASA EXCITADA | O3: Revisión: | Q3: ='0. CARTA RESPONSABILIDAD'!Q3 -> R0
B5: 6. PERIODOS Y MASA EXCITADA
B8: Se verifica que en ambas direcciones se pueda exitar más del 80% de la masa de la estructura. Se anexa el reporte de ETABS con los porcentajes de participación de masa en los modos de la estructura.
B11: Mode | D11: Period | F11: UX | H11: UY | J11: UZ | L11: Sum UX | N11: Sum UY | P11: Sum UZ | S11: Número de modos | W11: Case | X11: Mode | Y11: Period | Z11: UX | AA11: UY | AB11: UZ | AC11: SumUX | AD11: SumUY | AE11: SumUZ | AF11: RX | AG11: RY | AH11: RZ | AI11: SumRX | AJ11: SumRY | AK11: SumRZ
D12: sec | Y12: sec
B13: =X13 -> 1 | D13: =Y13 -> 0.429 | F13: =Z13 -> 1.377e-06 | H13: =AA13 -> 0.9205 | J13: =AB13 -> 2.555e-05 | L13: =AC13 -> 1.377e-06 | N13: =AD13 -> 0.9205 | P13: =AE13 -> 2.555e-05 | S13: =MAX(B13:C64) -> 52 | W13: Modal | X13: 1 | Y13: 0.429 | Z13: 1.377e-06 | AA13: 0.9205 | AB13: 2.555e-05 | AC13: 1.377e-06 | AD13: 0.9205 | AE13: 2.555e-05 | AF13: 0.0109 | AG13: 5.436e-07 | AH13: 0.0002 | AI13: 0.0109 | AJ13: 5.436e-07 | AK13: 0.0002
B14: =X14 -> 2 | D14: =Y14 -> 0.375 | F14: =Z14 -> 0.9292 | H14: =AA14 -> 4.286e-06 | J14: =AB14 -> 1.708e-05 | L14: =AC14 -> 0.9292 | N14: =AD14 -> 0.9205 | P14: =AE14 -> 4.263e-05 | W14: Modal | X14: 2 | Y14: 0.375 | Z14: 0.9292 | AA14: 4.286e-06 | AB14: 1.708e-05 | AC14: 0.9292 | AD14: 0.9205 | AE14: 4.263e-05 | AF14: 2.33e-06 | AG14: 0.0047 | AH14: 0.011 | AI14: 0.0109 | AJ14: 0.0047 | AK14: 0.0112
B15: =X15 -> 3 | D15: =Y15 -> 0.307 | F15: =Z15 -> 0.0102 | H15: =AA15 -> 0.0001 | J15: =AB15 -> 2.782e-06 | L15: =AC15 -> 0.9395 | N15: =AD15 -> 0.9207 | P15: =AE15 -> 4.541e-05 | S15: Sentido X | W15: Modal | X15: 3 | Y15: 0.307 | Z15: 0.0102 | AA15: 0.0001 | AB15: 2.782e-06 | AC15: 0.9395 | AD15: 0.9207 | AE15: 4.541e-05 | AF15: 2.423e-05 | AG15: 0.0001 | AH15: 0.9152 | AI15: 0.0109 | AJ15: 0.0048 | AK15: 0.9264
B16: =X16 -> 4 | D16: =Y16 -> 0.179 | F16: =Z16 -> 0.0002 | H16: =AA16 -> 0 | J16: =AB16 -> 0.0001 | L16: =AC16 -> 0.9396 | N16: =AD16 -> 0.9207 | P16: =AE16 -> 0.0002 | S16: Masa | W16: Modal | X16: 4 | Y16: 0.179 | Z16: 0.0002 | AA16: 0 | AB16: 0.0001 | AC16: 0.9396 | AD16: 0.9207 | AE16: 0.0002 | AF16: 0.0001 | AG16: 0.0218 | AH16: 2.176e-06 | AI16: 0.011 | AJ16: 0.0266 | AK16: 0.9264
B17: =X17 -> 5 | D17: =Y17 -> 0.16 | F17: =Z17 -> 0.0007 | H17: =AA17 -> 0 | J17: =AB17 -> 0.0019 | L17: =AC17 -> 0.9403 | N17: =AD17 -> 0.9207 | P17: =AE17 -> 0.0021 | S17: =MAX(L13:M64) -> 0.9443 | W17: Modal | X17: 5 | Y17: 0.16 | Z17: 0.0007 | AA17: 0 | AB17: 0.0019 | AC17: 0.9403 | AD17: 0.9207 | AE17: 0.0021 | AF17: 0.0007 | AG17: 0.1264 | AH17: 7.388e-06 | AI17: 0.0117 | AJ17: 0.153 | AK17: 0.9264
B18: =X18 -> 6 | D18: =Y18 -> 0.155 | F18: =Z18 -> 1.299e-05 | H18: =AA18 -> 0 | J18: =AB18 -> 0.0002 | L18: =AC18 -> 0.9403 | N18: =AD18 -> 0.9207 | P18: =AE18 -> 0.0023 | S18: =IF(S17>=0.9,"OK","N/C") -> OK | W18: Modal | X18: 6 | Y18: 0.155 | Z18: 1.299e-05 | AA18: 0 | AB18: 0.0002 | AC18: 0.9403 | AD18: 0.9207 | AE18: 0.0023 | AF18: 0.0003 | AG18: 0.0021 | AH18: 2.853e-05 | AI18: 0.012 | AJ18: 0.1551 | AK18: 0.9264
B19: =X19 -> 7 | D19: =Y19 -> 0.153 | F19: =Z19 -> 0 | H19: =AA19 -> 0 | J19: =AB19 -> 0.0991 | L19: =AC19 -> 0.9403 | N19: =AD19 -> 0.9207 | P19: =AE19 -> 0.1014 | S19: Periodo | W19: Modal | X19: 7 | Y19: 0.153 | Z19: 0 | AA19: 0 | AB19: 0.0991 | AC19: 0.9403 | AD19: 0.9207 | AE19: 0.1014 | AF19: 0.0021 | AG19: 0.0014 | AH19: 3.218e-06 | AI19: 0.0141 | AJ19: 0.1565 | AK19: 0.9264
B20: =X20 -> 8 | D20: =Y20 -> 0.147 | F20: =Z20 -> 6.987e-07 | H20: =AA20 -> 0 | J20: =AB20 -> 0.1745 | L20: =AC20 -> 0.9403 | N20: =AD20 -> 0.9207 | P20: =AE20 -> 0.2759 | S20: =D14 -> 0.375 | W20: Modal | X20: 8 | Y20: 0.147 | Z20: 6.987e-07 | AA20: 0 | AB20: 0.1745 | AC20: 0.9403 | AD20: 0.9207 | AE20: 0.2759 | AF20: 0.0001 | AG20: 0.0001 | AH20: 2.144e-05 | AI20: 0.0143 | AJ20: 0.1566 | AK20: 0.9265
B21: =X21 -> 9 | D21: =Y21 -> 0.141 | F21: =Z21 -> 2.368e-06 | H21: =AA21 -> 0 | J21: =AB21 -> 0.0091 | L21: =AC21 -> 0.9403 | N21: =AD21 -> 0.9207 | P21: =AE21 -> 0.2851 | W21: Modal | X21: 9 | Y21: 0.141 | Z21: 2.368e-06 | AA21: 0 | AB21: 0.0091 | AC21: 0.9403 | AD21: 0.9207 | AE21: 0.2851 | AF21: 0.0119 | AG21: 0.0002 | AH21: 0.0001 | AI21: 0.0261 | AJ21: 0.1568 | AK21: 0.9265
B22: =X22 -> 10 | D22: =Y22 -> 0.139 | F22: =Z22 -> 0 | H22: =AA22 -> 0 | J22: =AB22 -> 0.0003 | L22: =AC22 -> 0.9403 | N22: =AD22 -> 0.9207 | P22: =AE22 -> 0.2853 | S22: Sentido Y | W22: Modal | X22: 10 | Y22: 0.139 | Z22: 0 | AA22: 0 | AB22: 0.0003 | AC22: 0.9403 | AD22: 0.9207 | AE22: 0.2853 | AF22: 0.0884 | AG22: 1.961e-06 | AH22: 0 | AI22: 0.1146 | AJ22: 0.1568 | AK22: 0.9265
B23: =X23 -> 11 | D23: =Y23 -> 0.131 | F23: =Z23 -> 9.3e-07 | H23: =AA23 -> 1.954e-06 | J23: =AB23 -> 0.0017 | L23: =AC23 -> 0.9403 | N23: =AD23 -> 0.9207 | P23: =AE23 -> 0.287 | S23: Masa | W23: Modal | X23: 11 | Y23: 0.131 | Z23: 9.3e-07 | AA23: 1.954e-06 | AB23: 0.0017 | AC23: 0.9403 | AD23: 0.9207 | AE23: 0.287 | AF23: 0.0558 | AG23: 3.018e-06 | AH23: 6.123e-07 | AI23: 0.1704 | AJ23: 0.1568 | AK23: 0.9265
B24: =X24 -> 12 | D24: =Y24 -> 0.126 | F24: =Z24 -> 6.303e-06 | H24: =AA24 -> 0 | J24: =AB24 -> 1.202e-05 | L24: =AC24 -> 0.9403 | N24: =AD24 -> 0.9207 | P24: =AE24 -> 0.287 | S24: =MAX(N13:O64) -> 0.9207 | W24: Modal | X24: 12 | Y24: 0.126 | Z24: 6.303e-06 | AA24: 0 | AB24: 1.202e-05 | AC24: 0.9403 | AD24: 0.9207 | AE24: 0.287 | AF24: 1.385e-05 | AG24: 0.0042 | AH24: 0 | AI24: 0.1704 | AJ24: 0.161 | AK24: 0.9265
B25: =X25 -> 13 | D25: =Y25 -> 0.126 | F25: =Z25 -> 0.0024 | H25: =AA25 -> 0 | J25: =AB25 -> 2.25e-06 | L25: =AC25 -> 0.9427 | N25: =AD25 -> 0.9207 | P25: =AE25 -> 0.287 | S25: =IF(S24>=0.9,"OK","N/C") -> OK | W25: Modal | X25: 13 | Y25: 0.126 | Z25: 0.0024 | AA25: 0 | AB25: 2.25e-06 | AC25: 0.9427 | AD25: 0.9207 | AE25: 0.287 | AF25: 8.408e-07 | AG25: 0.0085 | AH25: 6.096e-06 | AI25: 0.1704 | AJ25: 0.1695 | AK25: 0.9265
B26: =X26 -> 14 | D26: =Y26 -> 0.125 | F26: =Z26 -> 0 | H26: =AA26 -> 0 | J26: =AB26 -> 0.0099 | L26: =AC26 -> 0.9427 | N26: =AD26 -> 0.9207 | P26: =AE26 -> 0.297 | S26: Periodo | W26: Modal | X26: 14 | Y26: 0.125 | Z26: 0 | AA26: 0 | AB26: 0.0099 | AC26: 0.9427 | AD26: 0.9207 | AE26: 0.297 | AF26: 4.71e-05 | AG26: 3.245e-05 | AH26: 0 | AI26: 0.1705 | AJ26: 0.1696 | AK26: 0.9265
B27: =X27 -> 15 | D27: =Y27 -> 0.125 | F27: =Z27 -> 1.572e-06 | H27: =AA27 -> 0 | J27: =AB27 -> 0.0012 | L27: =AC27 -> 0.9427 | N27: =AD27 -> 0.9207 | P27: =AE27 -> 0.2982 | S27: =D13 -> 0.429 | W27: Modal | X27: 15 | Y27: 0.125 | Z27: 1.572e-06 | AA27: 0 | AB27: 0.0012 | AC27: 0.9427 | AD27: 0.9207 | AE27: 0.2982 | AF27: 4.911e-05 | AG27: 0.0032 | AH27: 6.404e-07 | AI27: 0.1705 | AJ27: 0.1728 | AK27: 0.9265
B28: =X28 -> 16 | D28: =Y28 -> 0.124 | F28: =Z28 -> 0.0001 | H28: =AA28 -> 0 | J28: =AB28 -> 8.017e-06 | L28: =AC28 -> 0.9429 | N28: =AD28 -> 0.9207 | P28: =AE28 -> 0.2982 | W28: Modal | X28: 16 | Y28: 0.124 | Z28: 0.0001 | AA28: 0 | AB28: 8.017e-06 | AC28: 0.9429 | AD28: 0.9207 | AE28: 0.2982 | AF28: 0 | AG28: 0.0008 | AH28: 9.214e-06 | AI28: 0.1705 | AJ28: 0.1735 | AK28: 0.9265
B29: =X29 -> 17 | D29: =Y29 -> 0.124 | F29: =Z29 -> 0.0012 | H29: =AA29 -> 0 | J29: =AB29 -> 1.175e-05 | L29: =AC29 -> 0.944 | N29: =AD29 -> 0.9207 | P29: =AE29 -> 0.2982 | W29: Modal | X29: 17 | Y29: 0.124 | Z29: 0.0012 | AA29: 0 | AB29: 1.175e-05 | AC29: 0.944 | AD29: 0.9207 | AE29: 0.2982 | AF29: 0 | AG29: 0.0075 | AH29: 8.787e-06 | AI29: 0.1705 | AJ29: 0.181 | AK29: 0.9265
B30: =X30 -> 18 | D30: =Y30 -> 0.124 | F30: =Z30 -> 0 | H30: =AA30 -> 0 | J30: =AB30 -> 4.225e-05 | L30: =AC30 -> 0.944 | N30: =AD30 -> 0.9207 | P30: =AE30 -> 0.2982 | W30: Modal | X30: 18 | Y30: 0.124 | Z30: 0 | AA30: 0 | AB30: 4.225e-05 | AC30: 0.944 | AD30: 0.9207 | AE30: 0.2982 | AF30: 2.077e-05 | AG30: 7.811e-07 | AH30: 0 | AI30: 0.1705 | AJ30: 0.181 | AK30: 0.9265
B31: =X31 -> 19 | D31: =Y31 -> 0.124 | F31: =Z31 -> 0 | H31: =AA31 -> 0 | J31: =AB31 -> 2.378e-05 | L31: =AC31 -> 0.944 | N31: =AD31 -> 0.9207 | P31: =AE31 -> 0.2983 | W31: Modal | X31: 19 | Y31: 0.124 | Z31: 0 | AA31: 0 | AB31: 2.378e-05 | AC31: 0.944 | AD31: 0.9207 | AE31: 0.2983 | AF31: 6.804e-07 | AG31: 6.186e-07 | AH31: 0 | AI31: 0.1705 | AJ31: 0.181 | AK31: 0.9265
B32: =X32 -> 20 | D32: =Y32 -> 0.124 | F32: =Z32 -> 6.122e-07 | H32: =AA32 -> 0 | J32: =AB32 -> 0.0001 | L32: =AC32 -> 0.944 | N32: =AD32 -> 0.9207 | P32: =AE32 -> 0.2983 | W32: Modal | X32: 20 | Y32: 0.124 | Z32: 6.122e-07 | AA32: 0 | AB32: 0.0001 | AC32: 0.944 | AD32: 0.9207 | AE32: 0.2983 | AF32: 0 | AG32: 1.72e-06 | AH32: 0 | AI32: 0.1705 | AJ32: 0.181 | AK32: 0.9265
B33: =X33 -> 21 | D33: =Y33 -> 0.124 | F33: =Z33 -> 1.386e-06 | H33: =AA33 -> 0 | J33: =AB33 -> 0.0001 | L33: =AC33 -> 0.944 | N33: =AD33 -> 0.9207 | P33: =AE33 -> 0.2985 | W33: Modal | X33: 21 | Y33: 0.124 | Z33: 1.386e-06 | AA33: 0 | AB33: 0.0001 | AC33: 0.944 | AD33: 0.9207 | AE33: 0.2985 | AF33: 1.137e-05 | AG33: 5.769e-06 | AH33: 1.211e-06 | AI33: 0.1705 | AJ33: 0.181 | AK33: 0.9265
B34: =X34 -> 22 | D34: =Y34 -> 0.124 | F34: =Z34 -> 8.329e-06 | H34: =AA34 -> 0 | J34: =AB34 -> 0.0002 | L34: =AC34 -> 0.9441 | N34: =AD34 -> 0.9207 | P34: =AE34 -> 0.2986 | W34: Modal | X34: 22 | Y34: 0.124 | Z34: 8.329e-06 | AA34: 0 | AB34: 0.0002 | AC34: 0.9441 | AD34: 0.9207 | AE34: 0.2986 | AF34: 0 | AG34: 1.371e-05 | AH34: 0 | AI34: 0.1705 | AJ34: 0.1811 | AK34: 0.9265
B35: =X35 -> 23 | D35: =Y35 -> 0.124 | F35: =Z35 -> 2.079e-05 | H35: =AA35 -> 0 | J35: =AB35 -> 0.0002 | L35: =AC35 -> 0.9441 | N35: =AD35 -> 0.9207 | P35: =AE35 -> 0.2989 | W35: Modal | X35: 23 | Y35: 0.124 | Z35: 2.079e-05 | AA35: 0 | AB35: 0.0002 | AC35: 0.9441 | AD35: 0.9207 | AE35: 0.2989 | AF35: 0.0001 | AG35: 4.519e-05 | AH35: 1.515e-06 | AI35: 0.1706 | AJ35: 0.1811 | AK35: 0.9265
B36: =X36 -> 24 | D36: =Y36 -> 0.123 | F36: =Z36 -> 0 | H36: =AA36 -> 0 | J36: =AB36 -> 4.32e-05 | L36: =AC36 -> 0.9441 | N36: =AD36 -> 0.9207 | P36: =AE36 -> 0.2989 | W36: Modal | X36: 24 | Y36: 0.123 | Z36: 0 | AA36: 0 | AB36: 4.32e-05 | AC36: 0.9441 | AD36: 0.9207 | AE36: 0.2989 | AF36: 0.0001 | AG36: 6.353e-07 | AH36: 0.0007 | AI36: 0.1707 | AJ36: 0.1811 | AK36: 0.9272
B37: =X37 -> 25 | D37: =Y37 -> 0.123 | F37: =Z37 -> 7.021e-07 | H37: =AA37 -> 0 | J37: =AB37 -> 0.0001 | L37: =AC37 -> 0.9441 | N37: =AD37 -> 0.9207 | P37: =AE37 -> 0.299 | W37: Modal | X37: 25 | Y37: 0.123 | Z37: 7.021e-07 | AA37: 0 | AB37: 0.0001 | AC37: 0.9441 | AD37: 0.9207 | AE37: 0.299 | AF37: 0.0001 | AG37: 0 | AH37: 3.544e-06 | AI37: 0.1707 | AJ37: 0.1811 | AK37: 0.9272
B38: =X38 -> 26 | D38: =Y38 -> 0.123 | F38: =Z38 -> 0 | H38: =AA38 -> 0 | J38: =AB38 -> 7.036e-06 | L38: =AC38 -> 0.9441 | N38: =AD38 -> 0.9207 | P38: =AE38 -> 0.299 | W38: Modal | X38: 26 | Y38: 0.123 | Z38: 0 | AA38: 0 | AB38: 7.036e-06 | AC38: 0.9441 | AD38: 0.9207 | AE38: 0.299 | AF38: 2.464e-05 | AG38: 0 | AH38: 4.718e-06 | AI38: 0.1708 | AJ38: 0.1811 | AK38: 0.9272
B39: =X39 -> 27 | D39: =Y39 -> 0.123 | F39: =Z39 -> 0 | H39: =AA39 -> 0 | J39: =AB39 -> 0.0001 | L39: =AC39 -> 0.9441 | N39: =AD39 -> 0.9207 | P39: =AE39 -> 0.2991 | W39: Modal | X39: 27 | Y39: 0.123 | Z39: 0 | AA39: 0 | AB39: 0.0001 | AC39: 0.9441 | AD39: 0.9207 | AE39: 0.2991 | AF39: 0 | AG39: 0 | AH39: 0 | AI39: 0.1708 | AJ39: 0.1811 | AK39: 0.9272
... B64: =X64 -> 52 | D64: =Y64 -> 0.122 | F64: =Z64 -> 3.266e-05 | H64: =AA64 -> 0 | J64: =AB64 -> 5.434e-06 | L64: =AC64 -> 0.9443 | N64: =AD64 -> 0.9207 | P64: =AE64 -> 0.3194 | W64: Modal | X64: 52 | Y64: 0.122 | Z64: 3.266e-05 | AA64: 0 | AB64: 5.434e-06 | AC64: 0.9443 | AD64: 0.9207 | AE64: 0.3194 | AF64: 0.0001 | AG64: 0.0001 | AH64: 3.56e-05 | AI64: 0.1794 | AJ64: 0.1917 | AK64: 0.9277
W65: Modal | X65: 53 | Y65: 0.122 | Z65: 3.385e-06 | AA65: 0 | AB65: 0.0001 | AC65: 0.9443 | AD65: 0.9207 | AE65: 0.3195 | AF65: 0.0001 | AG65: 0.0001 | AH65: 3.384e-05 | AI65: 0.1795 | AJ65: 0.1918 | AK65: 0.9277
W66: Modal | X66: 54 | Y66: 0.122 | Z66: 0 | AA66: 0 | AB66: 7.111e-06 | AC66: 0.9443 | AD66: 0.9207 | AE66: 0.3195 | AF66: 0.0019 | AG66: 3.451e-06 | AH66: 4.977e-06 | AI66: 0.1814 | AJ66: 0.1918 | AK66: 0.9277
B67: Mode | D67: Period | F67: UX | H67: UY | J67: UZ | L67: Sum UX | N67: Sum UY | P67: Sum UZ | W67: Modal | X67: 55 | Y67: 0.122 | Z67: 7.944e-07 | AA67: 0 | AB67: 1.121e-05 | AC67: 0.9443 | AD67: 0.9207 | AE67: 0.3195 | AF67: 0.0011 | AG67: 1.469e-06 | AH67: 4.279e-06 | AI67: 0.1825 | AJ67: 0.1918 | AK67: 0.9277
D68: sec | W68: Modal | X68: 56 | Y68: 0.122 | Z68: 0 | AA68: 0 | AB68: 0.0024 | AC68: 0.9443 | AD68: 0.9207 | AE68: 0.3219 | AF68: 0.0001 | AG68: 0.006 | AH68: 0 | AI68: 0.1826 | AJ68: 0.1978 | AK68: 0.9277
B69: =X65 -> 53 | D69: =Y65 -> 0.122 | F69: =Z65 -> 3.385e-06 | H69: =AA65 -> 0 | J69: =AB65 -> 0.0001 | L69: =AC65 -> 0.9443 | N69: =AD65 -> 0.9207 | P69: =AE65 -> 0.3195 | W69: Modal | X69: 57 | Y69: 0.122 | Z69: 2.043e-05 | AA69: 0 | AB69: 0.0002 | AC69: 0.9443 | AD69: 0.9207 | AE69: 0.3221 | AF69: 8.477e-06 | AG69: 0.0002 | AH69: 0 | AI69: 0.1826 | AJ69: 0.198 | AK69: 0.9277
B70: =X66 -> 54 | D70: =Y66 -> 0.122 | F70: =Z66 -> 0 | H70: =AA66 -> 0 | J70: =AB66 -> 7.111e-06 | L70: =AC66 -> 0.9443 | N70: =AD66 -> 0.9207 | P70: =AE66 -> 0.3195 | W70: Modal | X70: 58 | Y70: 0.122 | Z70: 3.255e-06 | AA70: 0 | AB70: 0.0075 | AC70: 0.9443 | AD70: 0.9207 | AE70: 0.3297 | AF70: 0.0002 | AG70: 0.0007 | AH70: 0 | AI70: 0.1829 | AJ70: 0.1987 | AK70: 0.9277
B71: =X67 -> 55 | D71: =Y67 -> 0.122 | F71: =Z67 -> 7.944e-07 | H71: =AA67 -> 0 | J71: =AB67 -> 1.121e-05 | L71: =AC67 -> 0.9443 | N71: =AD67 -> 0.9207 | P71: =AE67 -> 0.3195 | W71: Modal | X71: 59 | Y71: 0.121 | Z71: 4.22e-05 | AA71: 0 | AB71: 0.0004 | AC71: 0.9444 | AD71: 0.9207 | AE71: 0.3301 | AF71: 2.599e-06 | AG71: 0.0001 | AH71: 0 | AI71: 0.1829 | AJ71: 0.1987 | AK71: 0.9277
B72: =X68 -> 56 | D72: =Y68 -> 0.122 | F72: =Z68 -> 0 | H72: =AA68 -> 0 | J72: =AB68 -> 0.0024 | L72: =AC68 -> 0.9443 | N72: =AD68 -> 0.9207 | P72: =AE68 -> 0.3219 | W72: Modal | X72: 60 | Y72: 0.121 | Z72: 4.386e-05 | AA72: 0 | AB72: 5.919e-06 | AC72: 0.9444 | AD72: 0.9207 | AE72: 0.3301 | AF72: 1.005e-05 | AG72: 4.831e-05 | AH72: 1.23e-05 | AI72: 0.1829 | AJ72: 0.1988 | AK72: 0.9278
B73: =X69 -> 57 | D73: =Y69 -> 0.122 | F73: =Z69 -> 2.043e-05 | H73: =AA69 -> 0 | J73: =AB69 -> 0.0002 | L73: =AC69 -> 0.9443 | N73: =AD69 -> 0.9207 | P73: =AE69 -> 0.3221 | W73: Modal | X73: 61 | Y73: 0.121 | Z73: 0 | AA73: 0 | AB73: 0.0001 | AC73: 0.9444 | AD73: 0.9207 | AE73: 0.3301 | AF73: 0.0026 | AG73: 0.0001 | AH73: 0 | AI73: 0.1855 | AJ73: 0.1989 | AK73: 0.9278
B74: =X70 -> 58 | D74: =Y70 -> 0.122 | F74: =Z70 -> 3.255e-06 | H74: =AA70 -> 0 | J74: =AB70 -> 0.0075 | L74: =AC70 -> 0.9443 | N74: =AD70 -> 0.9207 | P74: =AE70 -> 0.3297 | W74: Modal | X74: 62 | Y74: 0.121 | Z74: 1.251e-05 | AA74: 0 | AB74: 0.0009 | AC74: 0.9444 | AD74: 0.9207 | AE74: 0.3311 | AF74: 0.0012 | AG74: 0.001 | AH74: 6.927e-06 | AI74: 0.1867 | AJ74: 0.1999 | AK74: 0.9278
B75: =X71 -> 59 | D75: =Y71 -> 0.121 | F75: =Z71 -> 4.22e-05 | H75: =AA71 -> 0 | J75: =AB71 -> 0.0004 | L75: =AC71 -> 0.9444 | N75: =AD71 -> 0.9207 | P75: =AE71 -> 0.3301 | W75: Modal | X75: 63 | Y75: 0.121 | Z75: 0 | AA75: 0 | AB75: 0.0004 | AC75: 0.9444 | AD75: 0.9207 | AE75: 0.3315 | AF75: 0.0032 | AG75: 0.0001 | AH75: 0 | AI75: 0.1899 | AJ75: 0.2 | AK75: 0.9278
B76: =X72 -> 60 | D76: =Y72 -> 0.121 | F76: =Z72 -> 4.386e-05 | H76: =AA72 -> 0 | J76: =AB72 -> 5.919e-06 | L76: =AC72 -> 0.9444 | N76: =AD72 -> 0.9207 | P76: =AE72 -> 0.3301 | W76: Modal | X76: 64 | Y76: 0.121 | Z76: 0 | AA76: 0 | AB76: 0.0001 | AC76: 0.9444 | AD76: 0.9207 | AE76: 0.3316 | AF76: 8.82e-06 | AG76: 0.0004 | AH76: 0 | AI76: 0.1899 | AJ76: 0.2004 | AK76: 0.9278
B77: =X73 -> 61 | D77: =Y73 -> 0.121 | F77: =Z73 -> 0 | H77: =AA73 -> 0 | J77: =AB73 -> 0.0001 | L77: =AC73 -> 0.9444 | N77: =AD73 -> 0.9207 | P77: =AE73 -> 0.3301 | W77: Modal | X77: 65 | Y77: 0.121 | Z77: 1.495e-05 | AA77: 0 | AB77: 0.0001 | AC77: 0.9444 | AD77: 0.9207 | AE77: 0.3317 | AF77: 8.658e-06 | AG77: 0.0008 | AH77: 0 | AI77: 0.1899 | AJ77: 0.2012 | AK77: 0.9278
B78: =X74 -> 62 | D78: =Y74 -> 0.121 | F78: =Z74 -> 1.251e-05 | H78: =AA74 -> 0 | J78: =AB74 -> 0.0009 | L78: =AC74 -> 0.9444 | N78: =AD74 -> 0.9207 | P78: =AE74 -> 0.3311 | W78: Modal | X78: 66 | Y78: 0.121 | Z78: 5.111e-06 | AA78: 0 | AB78: 9.908e-06 | AC78: 0.9444 | AD78: 0.9207 | AE78: 0.3317 | AF78: 8.163e-06 | AG78: 0.0004 | AH78: 1.414e-06 | AI78: 0.1899 | AJ78: 0.2016 | AK78: 0.9278
B79: =X75 -> 63 | D79: =Y75 -> 0.121 | F79: =Z75 -> 0 | H79: =AA75 -> 0 | J79: =AB75 -> 0.0004 | L79: =AC75 -> 0.9444 | N79: =AD75 -> 0.9207 | P79: =AE75 -> 0.3315 | W79: Modal | X79: 67 | Y79: 0.121 | Z79: 4.919e-06 | AA79: 0 | AB79: 0.0002 | AC79: 0.9444 | AD79: 0.9207 | AE79: 0.3319 | AF79: 0.0004 | AG79: 0.0001 | AH79: 1.732e-06 | AI79: 0.1903 | AJ79: 0.2018 | AK79: 0.9278
B80: =X76 -> 64 | D80: =Y76 -> 0.121 | F80: =Z76 -> 0 | H80: =AA76 -> 0 | J80: =AB76 -> 0.0001 | L80: =AC76 -> 0.9444 | N80: =AD76 -> 0.9207 | P80: =AE76 -> 0.3316 | W80: Modal | X80: 68 | Y80: 0.121 | Z80: 9.918e-07 | AA80: 0 | AB80: 2.665e-05 | AC80: 0.9444 | AD80: 0.9207 | AE80: 0.332 | AF80: 4.848e-06 | AG80: 5.848e-07 | AH80: 5.904e-06 | AI80: 0.1903 | AJ80: 0.2018 | AK80: 0.9278
... B123: =X119 -> 107 | D123: =Y119 -> 0.063 | F123: =Z119 -> 3.016e-06 | H123: =AA119 -> 0 | J123: =AB119 -> 0 | L123: =AC119 -> 0.9975 | N123: =AD119 -> 0.9996 | P123: =AE119 -> 0.3854 | W123: Modal | X123: 111 | Y123: 0.06 | Z123: 3.94e-06 | AA123: 0 | AB123: 2.014e-06 | AC123: 0.9975 | AD123: 0.9996 | AE123: 0.4531 | AF123: 1.205e-06 | AG123: 0.0231 | AH123: 0 | AI123: 0.3695 | AJ123: 0.3116 | AK123: 0.9985
W124: Modal | X124: 112 | Y124: 0.058 | Z124: 0 | AA124: 3.52e-06 | AB124: 0.0407 | AC124: 0.9975 | AD124: 0.9996 | AE124: 0.4939 | AF124: 0.0727 | AG124: 2.561e-06 | AH124: 2.794e-06 | AI124: 0.4423 | AJ124: 0.3116 | AK124: 0.9985
W125: Modal | X125: 113 | Y125: 0.058 | Z125: 0 | AA125: 0 | AB125: 0.0114 | AC125: 0.9975 | AD125: 0.9996 | AE125: 0.5053 | AF125: 0.016 | AG125: 2.461e-05 | AH125: 0 | AI125: 0.4583 | AJ125: 0.3116 | AK125: 0.9985
W126: Modal | X126: 114 | Y126: 0.058 | Z126: 7.348e-07 | AA126: 1.256e-06 | AB126: 0.0013 | AC126: 0.9975 | AD126: 0.9996 | AE126: 0.5066 | AF126: 0.0063 | AG126: 0.0051 | AH126: 0 | AI126: 0.4646 | AJ126: 0.3167 | AK126: 0.9985
W127: Modal | X127: 115 | Y127: 0.057 | Z127: 3.651e-06 | AA127: 0 | AB127: 0.0018 | AC127: 0.9975 | AD127: 0.9996 | AE127: 0.5083 | AF127: 0.0036 | AG127: 0.0092 | AH127: 6.555e-06 | AI127: 0.4682 | AJ127: 0.3259 | AK127: 0.9986
W128: Modal | X128: 116 | Y128: -0.066 | Z128: 0 | AA128: 0 | AB128: 1.778e-06 | AC128: 0.9975 | AD128: 0.9996 | AE128: 0.5083 | AF128: 2.208e-06 | AG128: 0 | AH128: 0 | AI128: 0.4682 | AJ128: 0.3259 | AK128: 0.9986
W129: Modal | X129: 117 | Y129: 0.044 | Z129: 0 | AA129: 2.524e-05 | AB129: 0.0067 | AC129: 0.9975 | AD129: 0.9996 | AE129: 0.515 | AF129: 0.0144 | AG129: 2.242e-05 | AH129: 2.03e-06 | AI129: 0.4826 | AJ129: 0.3259 | AK129: 0.9986
W130: Modal | X130: 118 | Y130: 0.044 | Z130: 1.371e-05 | AA130: 0 | AB130: 0.0092 | AC130: 0.9975 | AD130: 0.9996 | AE130: 0.5242 | AF130: 0.0217 | AG130: 0.0012 | AH130: 1.079e-05 | AI130: 0.5043 | AJ130: 0.3271 | AK130: 0.9986
W131: Modal | X131: 119 | Y131: 0.041 | Z131: 4.352e-05 | AA131: 1.918e-05 | AB131: 0.0003 | AC131: 0.9975 | AD131: 0.9996 | AE131: 0.5245 | AF131: 0.0003 | AG131: 3.074e-05 | AH131: 0.0002 | AI131: 0.5046 | AJ131: 0.3272 | AK131: 0.9988
W132: Modal | X132: 120 | Y132: 0.041 | Z132: 0 | AA132: 0 | AB132: 0.0175 | AC132: 0.9975 | AD132: 0.9996 | AE132: 0.5421 | AF132: 0.0357 | AG132: 0.0001 | AH132: 8.295e-07 | AI132: 0.5404 | AJ132: 0.3272 | AK132: 0.9988

Sheet 7. FHE Y AJUSTE DE SISMO
A1: ='0. CARTA RESPONSABILIDAD'!A1 -> Memoria de cálculos estructurales | F1: Proyecto: | H1: ='0. CARTA RESPONSABILIDAD'!H1 -> EDIFICACIÓN LOCALES COMERCIALES | O1: Fecha: | Q1: ='0. CARTA RESPONSABILIDAD'!Q1 -> Mayo de 2025
O2: Diseño: | Q2: ='0. CARTA RESPONSABILIDAD'!Q2
F3: Contiene: | H3: AJUSTE DE LA CARGA SÍSMICA | O3: Revisión: | Q3: ='0. CARTA RESPONSABILIDAD'!Q3 -> R0
B5: 7. AJUSTE DE LA CARGA SÍSMICA
B8: Altura de la estructura | N8: ='0. INICIO'!L15 -> 8.1 | O8: m
B10: Periodo Fundamental Aproximado Ta (A.4.2-3) | W10: Sistema estructural | X10: Ct | Y10: a
B11: Sistema estructural | N11: Ct | O11: a | P11: Ta [s] | W11: Pórticos de Concreto Resistente a Momento | X11: 0.047 | Y11: 0.9
B12: Pórticos de Concreto Resistente a Momento | N12: =VLOOKUP(B12,$W$11:$Y$15,2,) -> 0.047 | O12: =VLOOKUP(B12,$W$11:$Y$15,3,) -> 0.9 | P12: =N12*N8^O12 -> 0.30884059 | W12: Pórticos de Acero Resistente a Momento | X12: 0.072 | Y12: 0.8
W13: Pórticos de Arriostrados de Acero | X13: 0.073 | Y13: 0.75
B14: Ta | D14: =P12 -> 0.30884059 | F14: Periodos calculados en el modelo | L14: Periodos a usar | W14: Muros de Rigidez | X14: 0.049 | Y14: 0.75
B15: Av | D15: ='3. ESPECTRO'!$M$21 -> 0.2 | W15: Muros Estructurales de Concreto o Mampostería | X15: 0 | Y15: 1
B16: Fv | D16: ='3. ESPECTRO'!$M$24 -> 3.2 | F16: T sentido X: | H16: ='6. PERIODOS Y MASA EXCITADA'!S20 -> 0.375 | L16: Tx | M16: =MIN(D18,H16) -> 0.37060871 | P16: K | Q16: {=_xlfn.IFS(M16<=0.5,1,AND(M16>0.5,M16<=2.5),0.75+0.5*M16,M16>2.5,2)} -> 1 | S16: Sa-x | T16: ='3. ESPECTRO'!I52 -> 0.90625
B17: Cu | D17: =MAX(1.2,1.75-1.2*D15*D16) -> 1.2 | F17: T sentido Y: | H17: ='6. PERIODOS Y MASA EXCITADA'!S27 -> 0.429 | L17: Ty | M17: =MIN(D18,H17) -> 0.37060871 | P17: K | Q17: {=_xlfn.IFS(M17<=0.5,1,AND(M17>0.5,M17<=2.5),0.75+0.5*M17,M17>2.5,2)} -> 1 | S17: Sa-y | T17: ='3. ESPECTRO'!I53 -> 0.90625
B18: Cu*Ta | D18: =D17*P12 -> 0.37060871
B20: Cálculo de la cortante basal por el método de la fuerza horizontal equivalente
B22: Nivel | D22: Masa i | F22: Masa acum. | H22: Altura i | J22: M_acum.i * hi^k | L22: Cv | N22: Fs-x | P22: Fs-y
D24: KN | F24: KN | H24: m | N24: KN | P24: KN
B25: ='4. MASA (MODELO)'!H12 | D25: ='4. MASA (MODELO)'!K12 -> 0 | F25: =IF(D25="",0,D25) -> 0 | J25: =F25*H25^$Q$16 -> 0 | L25: =J25/$J$40 -> 0 | N25: =L25*$G$42 -> 0 | P25: =L25*$G$43 -> 0
B26: ='4. MASA (MODELO)'!H13 | D26: ='4. MASA (MODELO)'!K13 -> 0 | F26: =IF(D26="",0,D26+F25) -> 0 | J26: =F26*H26^$Q$16 -> 0 | L26: =J26/$J$40 -> 0 | N26: =L26*$G$42 -> 0 | P26: =L26*$G$43 -> 0
B27: ='4. MASA (MODELO)'!H14 | D27: ='4. MASA (MODELO)'!K14 -> 0 | F27: =IF(D27="",0,D27+F26) -> 0 | J27: =F27*H27^$Q$16 -> 0 | L27: =J27/$J$40 -> 0 | N27: =L27*$G$42 -> 0 | P27: =L27*$G$43 -> 0
B28: ='4. MASA (MODELO)'!H15 | D28: ='4. MASA (MODELO)'!K15 -> 0 | F28: =IF(D28="",0,D28+F27) -> 0 | J28: =F28*H28^$Q$16 -> 0 | L28: =J28/$J$40 -> 0 | N28: =L28*$G$42 -> 0 | P28: =L28*$G$43 -> 0
B29: ='4. MASA (MODELO)'!H16 | D29: ='4. MASA (MODELO)'!K16 -> 0 | F29: =IF(D29="",0,D29+F28) -> 0 | J29: =F29*H29^$Q$16 -> 0 | L29: =J29/$J$40 -> 0 | N29: =L29*$G$42 -> 0 | P29: =L29*$G$43 -> 0
B30: ='4. MASA (MODELO)'!H17 | D30: ='4. MASA (MODELO)'!K17 -> 0 | F30: =IF(D30="",0,D30+F29) -> 0 | J30: =F30*H30^$Q$16 -> 0 | L30: =J30/$J$40 -> 0 | N30: =L30*$G$42 -> 0 | P30: =L30*$G$43 -> 0
B31: ='4. MASA (MODELO)'!H18 | D31: ='4. MASA (MODELO)'!K18 -> 0 | F31: =IF(D31="",0,D31+F30) -> 0 | J31: =F31*H31^$Q$16 -> 0 | L31: =J31/$J$40 -> 0 | N31: =L31*$G$42 -> 0 | P31: =L31*$G$43 -> 0
B32: ='4. MASA (MODELO)'!H19 | D32: ='4. MASA (MODELO)'!K19 -> 0 | F32: =IF(D32="",0,D32+F31) -> 0 | J32: =F32*H32^$Q$16 -> 0 | L32: =J32/$J$40 -> 0 | N32: =L32*$G$42 -> 0 | P32: =L32*$G$43 -> 0
B33: ='4. MASA (MODELO)'!H20 | D33: ='4. MASA (MODELO)'!K20 -> 0 | F33: =IF(D33="",0,D33+F32) -> 0 | J33: =F33*H33^$Q$16 -> 0 | L33: =J33/$J$40 -> 0 | N33: =L33*$G$42 -> 0 | P33: =L33*$G$43 -> 0
B34: ='4. MASA (MODELO)'!H21 | D34: ='4. MASA (MODELO)'!K21 -> 0 | F34: =IF(D34="",0,D34+F33) -> 0 | J34: =F34*H34^$Q$16 -> 0 | L34: =J34/$J$40 -> 0 | N34: =L34*$G$42 -> 0 | P34: =L34*$G$43 -> 0
B35: ='4. MASA (MODELO)'!H22 | D35: ='4. MASA (MODELO)'!K22 -> 0 | F35: =IF(D35="",0,D35+F34) -> 0 | J35: =F35*H35^$Q$16 -> 0 | L35: =J35/$J$40 -> 0 | N35: =L35*$G$42 -> 0 | P35: =L35*$G$43 -> 0
B36: ='4. MASA (MODELO)'!H23 | D36: ='4. MASA (MODELO)'!K23 -> 0 | F36: =IF(D36="",0,D36+F35) -> 0 | J36: =F36*H36^$Q$16 -> 0 | L36: =J36/$J$40 -> 0 | N36: =L36*$G$42 -> 0 | P36: =L36*$G$43 -> 0
B37: ='4. MASA (MODELO)'!H24 -> N+08.10 | D37: ='4. MASA (MODELO)'!K24 -> 3072.9181 | F37: =IF(D37="",0,D37+F36) -> 3072.9181 | H37: 8.1 | J37: =F37*H37^$Q$16 -> 24890.637 | L37: =J37/$J$40 -> 0.42198913 | N37: =L37*$G$42 -> 2607.6544 | P37: =L37*$G$43 -> 2607.6544
B38: ='4. MASA (MODELO)'!H25 -> N+05.00 | D38: ='4. MASA (MODELO)'!K25 -> 3745.7687 | F38: =IF(D38="",0,D38+F37) -> 6818.6868 | H38: 5 | J38: =F38*H38^$Q$16 -> 34093.434 | L38: =J38/$J$40 -> 0.57801087 | N38: =L38*$G$42 -> 3571.7806 | P38: =L38*$G$43 -> 3571.7806
B39: ='4. MASA (MODELO)'!H26 -> N-0.00 | D39: ='4. MASA (MODELO)'!K26 -> 0 | F39: =IF(D39="",0,D39+F38) -> 6818.6868 | H39: 0 | J39: =F39*H39^$Q$16 -> 0 | L39: =J39/$J$40 -> 0 | N39: =L39*$G$42 -> 0 | P39: =L39*$G$43 -> 0
B40: TOTAL | D40: =SUM(D25:E39) -> 6818.6868 | J40: =SUM(J25:K39) -> 58984.071 | L40: =SUM(L25:M39) -> 1
B42: Vb X (FHE) | G42: =T16*$D$40 -> 6179.4349 | I42: KN
B43: Vb Y (FHE) | G43: =T17*$D$40 -> 6179.4349 | I43: KN
B45: Coeficiente por regularidad | G45: Regular | I45: =VLOOKUP($G$45,W45:X46,2,) -> 0.8 | W45: Regular | X45: 0.8
W46: Irregular | X46: 0.9
B47: ="Vb X ("&I45&"FHE)" -> Vb X (0.8FHE) | G47: =G42*$I$45 -> 4943.5479 | I47: KN
B48: ="Vb Y ("&I45&"FHE)" -> Vb Y (0.8FHE) | G48: =G43*$I$45 -> 4943.5479 | I48: KN
X49: CASO | Y49: Vx | Z49: Vy
W50: Sin ajustar | X50: SISMO X | Y50: 5535.6044 | Z50: 20.5765 | AB50: =SQRT(Y50^2+Z50^2) -> 5535.6426
B51: Vb X (Dinámico) | G51: =+AB50 -> 5535.6426 | I51: KN | K51: Factor de ajuste - X | P51: =MAX(G47/G51,1) -> 1 | X51: SISMO Y | Y51: 20.5765 | Z51: 5482.6936 | AB51: =SQRT(Y51^2+Z51^2) -> 5482.7322
B52: Vb Y (Dinámico) | G52: =+AB51 -> 5482.7322 | I52: KN | K52: Factor de ajuste - Y | P52: =MAX(G48/G52,1) -> 1 | W52: Ajustado | X52: SISMO X | Y52: 4642.8748 | Z52: 14.4888 | AB52: =SQRT(Y52^2+Z52^2) -> 4642.8974
X53: SISMO Y | Y53: 14.4889 | Z53: 4600.258 | AB53: =SQRT(Y53^2+Z53^2) -> 4600.2808
B54: Vb X (Dinámico ajustado) | G54: =+AB52 -> 4642.8974 | I54: KN | K54: Factor de ajuste - X | P54: =MAX(G47/G54,1) -> 1.0647549
B55: Vb Y (Dinámico ajustado) | G55: =+AB53 -> 4600.2808 | I55: KN | K55: Factor de ajuste - Y | P55: =MAX(G48/G55,1) -> 1.0746187
B57: Coeficientes (en función de g=9.807 m/s2)
B59: Cálculo | D59: Sentido | F59: I | H59: R | J59: Análisis | L59: Diseño
B60: g | D60: X | F60: ='0. INICIO'!M28 -> 1 | H60: ='5. IRREGULARIDADES'!M150 -> 5.25 | J60: =9.8067*P51 -> 9.8067 | L60: =F60*J60/H60 -> 1.8679429 | W60: =J60*1000 -> 9806.7 | Y60: =L60*1000 -> 1867.9429
D61: Y | F61: =F60 -> 1 | H61: ='5. IRREGULARIDADES'!P150 -> 7 | J61: =9.8067*P52 -> 9.8067 | L61: =F61*J61/H61 -> 1.4009571 | W61: =J61*1000 -> 9806.7 | Y61: =L61*1000 -> 1400.9571

Sheet 8. CHEQUEO DE DERIVAS
A1: ='0. CARTA RESPONSABILIDAD'!A1 -> Memoria de cálculos estructurales | F1: Proyecto: | H1: ='0. CARTA RESPONSABILIDAD'!H1 -> EDIFICACIÓN LOCALES COMERCIALES | O1: Fecha: | Q1: ='0. CARTA RESPONSABILIDAD'!Q1 -> Mayo de 2025
O2: Diseño: | Q2: ='0. CARTA RESPONSABILIDAD'!Q2
F3: Contiene: | H3: CHEQUEO DE DERIVAS | O3: Revisión: | Q3: ='0. CARTA RESPONSABILIDAD'!Q3 -> R0 | W3: Deriva X | Y3: Deriva Y
B5: 8. CHEQUEO DE DERIVAS | W5: =MAX(O13:P64) -> 0.004319 | Y5: =MAX(Q13:R64) -> 0.006342
C8: DERIVA MÁXIMA | J8: =MAX(S13:T500) -> 0.0063420177 | L8: =_xlfn.CONCAT("En el sentido ",VLOOKUP(J8,$AH$13:$AK$500,4,)) -> En el sentido | N8: Unique name | Q8: =VLOOKUP(J8,$AH$13:$AJ$500,2,) -> 265 | W8: Joint drift
N9: Piso | Q9: =VLOOKUP(J8,$AH$13:$AJ$500,3,) -> N+08.10
B11: Story | D11: Label | E11: Unique Name | G11: Output Case | I11: Desplazamiento X | L11: Desplazamiento Y | O11: Deriva X | Q11: Deriva Y | S11: Combinada | W11: Story | X11: Label | Y11: Unique Name | Z11: Output Case | AA11: Case Type | AB11: Step Type | AC11: Disp X | AD11: Disp Y | AE11: Drift X | AF11: Drift Y | AH11: Comb. | AI11: Unique Name | AJ11: Story
I12: mm | L12: mm | AC12: m | AD12: m
B13: =W13 -> N+08.10 | D13: =X13 -> 16 | E13: =Y13 -> 285 | G13: =MID(Z13,1,7) -> SX | I13: =AC13 -> 32.707 | L13: =AD13 -> 0.201 | O13: =AE13 -> 0.004306 | Q13: =AF13 -> 0.000114 | S13: =SQRT(O13^2+Q13^2) -> 0.0043075088 | W13: N+08.10 | X13: 16 | Y13: 285 | Z13: SX | AA13: LinRespSpec | AB13: Max | AC13: 32.707 | AD13: 0.201 | AE13: 0.004306 | AF13: 0.000114 | AH13: =S13 -> 0.0043075088 | AI13: =Y13 -> 285 | AJ13: =W13 -> N+08.10 | AK13: =MID(Z13,11,1)
B14: =W14 -> N+08.10 | D14: =X14 -> 16 | E14: =Y14 -> 285 | G14: =MID(Z14,1,7) -> SY | I14: =AC14 -> 0.052 | L14: =AD14 -> 43.566 | O14: =AE14 -> 1.8e-05 | Q14: =AF14 -> 0.006254 | S14: =SQRT(O14^2+Q14^2) -> 0.0062540259 | W14: N+08.10 | X14: 16 | Y14: 285 | Z14: SY | AA14: LinRespSpec | AB14: Max | AC14: 0.052 | AD14: 43.566 | AE14: 1.8e-05 | AF14: 0.006254 | AH14: =S14 -> 0.0062540259 | AI14: =Y14 -> 285 | AJ14: =W14 -> N+08.10 | AK14: =MID(Z14,11,1)
B15: =W15 -> N+08.10 | D15: =X15 -> 19 | E15: =Y15 -> 230 | G15: =MID(Z15,1,7) -> SX | I15: =AC15 -> 32.279 | L15: =AD15 -> 0.349 | O15: =AE15 -> 0.004243 | Q15: =AF15 -> 4.1e-05 | S15: =SQRT(O15^2+Q15^2) -> 0.0042431981 | W15: N+08.10 | X15: 19 | Y15: 230 | Z15: SX | AA15: LinRespSpec | AB15: Max | AC15: 32.279 | AD15: 0.349 | AE15: 0.004243 | AF15: 4.1e-05 | AH15: =S15 -> 0.0042431981 | AI15: =Y15 -> 230 | AJ15: =W15 -> N+08.10 | AK15: =MID(Z15,11,1)
B16: =W16 -> N+08.10 | D16: =X16 -> 19 | E16: =Y16 -> 230 | G16: =MID(Z16,1,7) -> SY | I16: =AC16 -> 0.029 | L16: =AD16 -> 43.565 | O16: =AE16 -> 1.6e-05 | Q16: =AF16 -> 0.006255 | S16: =SQRT(O16^2+Q16^2) -> 0.0062550205 | W16: N+08.10 | X16: 19 | Y16: 230 | Z16: SY | AA16: LinRespSpec | AB16: Max | AC16: 0.029 | AD16: 43.565 | AE16: 1.6e-05 | AF16: 0.006255 | AH16: =S16 -> 0.0062550205 | AI16: =Y16 -> 230 | AJ16: =W16 -> N+08.10 | AK16: =MID(Z16,11,1)
B17: =W17 -> N+08.10 | D17: =X17 -> 20 | E17: =Y17 -> 235 | G17: =MID(Z17,1,7) -> SX | I17: =AC17 -> 32.236 | L17: =AD17 -> 0.034 | O17: =AE17 -> 0.004172 | Q17: =AF17 -> 2.2e-05 | S17: =SQRT(O17^2+Q17^2) -> 0.004172058 | W17: N+08.10 | X17: 20 | Y17: 235 | Z17: SX | AA17: LinRespSpec | AB17: Max | AC17: 32.236 | AD17: 0.034 | AE17: 0.004172 | AF17: 2.2e-05 | AH17: =S17 -> 0.004172058 | AI17: =Y17 -> 235 | AJ17: =W17 -> N+08.10 | AK17: =MID(Z17,11,1)
B18: =W18 -> N+08.10 | D18: =X18 -> 20 | E18: =Y18 -> 235 | G18: =MID(Z18,1,7) -> SY | I18: =AC18 -> 0.077 | L18: =AD18 -> 43.753 | O18: =AE18 -> 1.5e-05 | Q18: =AF18 -> 0.006293 | S18: =SQRT(O18^2+Q18^2) -> 0.0062930179 | W18: N+08.10 | X18: 20 | Y18: 235 | Z18: SY | AA18: LinRespSpec | AB18: Max | AC18: 0.077 | AD18: 43.753 | AE18: 1.5e-05 | AF18: 0.006293 | AH18: =S18 -> 0.0062930179 | AI18: =Y18 -> 235 | AJ18: =W18 -> N+08.10 | AK18: =MID(Z18,11,1)
B19: =W19 -> N+08.10 | D19: =X19 -> 26 | E19: =Y19 -> 240 | G19: =MID(Z19,1,7) -> SX | I19: =AC19 -> 32.25 | L19: =AD19 -> 0.313 | O19: =AE19 -> 0.004319 | Q19: =AF19 -> 4.8e-05 | S19: =SQRT(O19^2+Q19^2) -> 0.0043192667 | W19: N+08.10 | X19: 26 | Y19: 240 | Z19: SX | AA19: LinRespSpec | AB19: Max | AC19: 32.25 | AD19: 0.313 | AE19: 0.004319 | AF19: 4.8e-05 | AH19: =S19 -> 0.0043192667 | AI19: =Y19 -> 240 | AJ19: =W19 -> N+08.10 | AK19: =MID(Z19,11,1)
B20: =W20 -> N+08.10 | D20: =X20 -> 26 | E20: =Y20 -> 240 | G20: =MID(Z20,1,7) -> SY | I20: =AC20 -> 0.16 | L20: =AD20 -> 43.451 | O20: =AE20 -> 3.5e-05 | Q20: =AF20 -> 0.006238 | S20: =SQRT(O20^2+Q20^2) -> 0.0062380982 | W20: N+08.10 | X20: 26 | Y20: 240 | Z20: SY | AA20: LinRespSpec | AB20: Max | AC20: 0.16 | AD20: 43.451 | AE20: 3.5e-05 | AF20: 0.006238 | AH20: =S20 -> 0.0062380982 | AI20: =Y20 -> 240 | AJ20: =W20 -> N+08.10 | AK20: =MID(Z20,11,1)
B21: =W21 -> N+08.10 | D21: =X21 -> 42 | E21: =Y21 -> 245 | G21: =MID(Z21,1,7) -> SX | I21: =AC21 -> 32.609 | L21: =AD21 -> 0.268 | O21: =AE21 -> 0.004015 | Q21: =AF21 -> 4.5e-05 | S21: =SQRT(O21^2+Q21^2) -> 0.0040152522 | W21: N+08.10 | X21: 42 | Y21: 245 | Z21: SX | AA21: LinRespSpec | AB21: Max | AC21: 32.609 | AD21: 0.268 | AE21: 0.004015 | AF21: 4.5e-05 | AH21: =S21 -> 0.0040152522 | AI21: =Y21 -> 245 | AJ21: =W21 -> N+08.10 | AK21: =MID(Z21,11,1)
B22: =W22 -> N+08.10 | D22: =X22 -> 42 | E22: =Y22 -> 245 | G22: =MID(Z22,1,7) -> SY | I22: =AC22 -> 0.049 | L22: =AD22 -> 43.453 | O22: =AE22 -> 1.6e-05 | Q22: =AF22 -> 0.006313 | S22: =SQRT(O22^2+Q22^2) -> 0.0063130203 | W22: N+08.10 | X22: 42 | Y22: 245 | Z22: SY | AA22: LinRespSpec | AB22: Max | AC22: 0.049 | AD22: 43.453 | AE22: 1.6e-05 | AF22: 0.006313 | AH22: =S22 -> 0.0063130203 | AI22: =Y22 -> 245 | AJ22: =W22 -> N+08.10 | AK22: =MID(Z22,11,1)
B23: =W23 -> N+08.10 | D23: =X23 -> 43 | E23: =Y23 -> 250 | G23: =MID(Z23,1,7) -> SX | I23: =AC23 -> 32.605 | L23: =AD23 -> 0.034 | O23: =AE23 -> 0.00402 | Q23: =AF23 -> 2.5e-05 | S23: =SQRT(O23^2+Q23^2) -> 0.0040200777 | W23: N+08.10 | X23: 43 | Y23: 250 | Z23: SX | AA23: LinRespSpec | AB23: Max | AC23: 32.605 | AD23: 0.034 | AE23: 0.00402 | AF23: 2.5e-05 | AH23: =S23 -> 0.0040200777 | AI23: =Y23 -> 250 | AJ23: =W23 -> N+08.10 | AK23: =MID(Z23,11,1)
B24: =W24 -> N+08.10 | D24: =X24 -> 43 | E24: =Y24 -> 250 | G24: =MID(Z24,1,7) -> SY | I24: =AC24 -> 0.043 | L24: =AD24 -> 43.741 | O24: =AE24 -> 1.5e-05 | Q24: =AF24 -> 0.006341 | S24: =SQRT(O24^2+Q24^2) -> 0.0063410177 | W24: N+08.10 | X24: 43 | Y24: 250 | Z24: SY | AA24: LinRespSpec | AB24: Max | AC24: 0.043 | AD24: 43.741 | AE24: 1.5e-05 | AF24: 0.006341 | AH24: =S24 -> 0.0063410177 | AI24: =Y24 -> 250 | AJ24: =W24 -> N+08.10 | AK24: =MID(Z24,11,1)
... B60: =W60 -> N+05.00 | D60: =X60 -> 49 | E60: =Y60 -> 279 | G60: =MID(Z60,1,7) -> SY | I60: =AC60 -> 0.031 | L60: =AD60 -> 24.271 | O60: =AE60 -> 6e-06 | Q60: =AF60 -> 0.004854 | S60: =SQRT(O60^2+Q60^2) -> 0.0048540037 | W60: N+05.00 | X60: 49 | Y60: 279 | Z60: SY | AA60: LinRespSpec | AB60: Max | AC60: 0.031 | AD60: 24.271 | AE60: 6e-06 | AF60: 0.004854 | AH60: =S60 -> 0.0048540037 | AI60: =Y60 -> 279 | AJ60: =W60 -> N+05.00 | AK60: =MID(Z60,11,1)
B67: Story | D67: Label | E67: Unique Name | G67: Output Case | I67: Desplazamiento X | L67: Desplazamiento Y | O67: Deriva X | Q67: Deriva Y | S67: Combinada
I68: m | L68: m
B69: =W65 -> 0 | D69: =X65 -> 0 | E69: =Y65 -> 0 | G69: =MID(Z65,1,7) | I69: =AC65 -> 0 | L69: =AD65 -> 0 | O69: =AE65 -> 0 | Q69: =AF65 -> 0 | S69: =SQRT(O69^2+Q69^2) -> 0
B70: =W66 -> 0 | D70: =X66 -> 0 | E70: =Y66 -> 0 | G70: =MID(Z66,1,7) | I70: =AC66 -> 0 | L70: =AD66 -> 0 | O70: =AE66 -> 0 | Q70: =AF66 -> 0 | S70: =SQRT(O70^2+Q70^2) -> 0
B71: =W67 -> 0 | D71: =X67 -> 0 | E71: =Y67 -> 0 | G71: =MID(Z67,1,7) | I71: =AC67 -> 0 | L71: =AD67 -> 0 | O71: =AE67 -> 0 | Q71: =AF67 -> 0 | S71: =SQRT(O71^2+Q71^2) -> 0
B72: =W68 -> 0 | D72: =X68 -> 0 | E72: =Y68 -> 0 | G72: =MID(Z68,1,7) | I72: =AC68 -> 0 | L72: =AD68 -> 0 | O72: =AE68 -> 0 | Q72: =AF68 -> 0 | S72: =SQRT(O72^2+Q72^2) -> 0
B73: =W69 -> 0 | D73: =X69 -> 0 | E73: =Y69 -> 0 | G73: =MID(Z69,1,7) | I73: =AC69 -> 0 | L73: =AD69 -> 0 | O73: =AE69 -> 0 | Q73: =AF69 -> 0 | S73: =SQRT(O73^2+Q73^2) -> 0
B74: =W70 -> 0 | D74: =X70 -> 0 | E74: =Y70 -> 0 | G74: =MID(Z70,1,7) | I74: =AC70 -> 0 | L74: =AD70 -> 0 | O74: =AE70 -> 0 | Q74: =AF70 -> 0 | S74: =SQRT(O74^2+Q74^2) -> 0
B75: =W71 -> 0 | D75: =X71 -> 0 | E75: =Y71 -> 0 | G75: =MID(Z71,1,7) | I75: =AC71 -> 0 | L75: =AD71 -> 0 | O75: =AE71 -> 0 | Q75: =AF71 -> 0 | S75: =SQRT(O75^2+Q75^2) -> 0
B76: =W72 -> 0 | D76: =X72 -> 0 | E76: =Y72 -> 0 | G76: =MID(Z72,1,7) | I76: =AC72 -> 0 | L76: =AD72 -> 0 | O76: =AE72 -> 0 | Q76: =AF72 -> 0 | S76: =SQRT(O76^2+Q76^2) -> 0
B77: =W73 -> 0 | D77: =X73 -> 0 | E77: =Y73 -> 0 | G77: =MID(Z73,1,7) | I77: =AC73 -> 0 | L77: =AD73 -> 0 | O77: =AE73 -> 0 | Q77: =AF73 -> 0 | S77: =SQRT(O77^2+Q77^2) -> 0
B78: =W74 -> 0 | D78: =X74 -> 0 | E78: =Y74 -> 0 | G78: =MID(Z74,1,7) | I78: =AC74 -> 0 | L78: =AD74 -> 0 | O78: =AE74 -> 0 | Q78: =AF74 -> 0 | S78: =SQRT(O78^2+Q78^2) -> 0
B79: =W75 -> 0 | D79: =X75 -> 0 | E79: =Y75 -> 0 | G79: =MID(Z75,1,7) | I79: =AC75 -> 0 | L79: =AD75 -> 0 | O79: =AE75 -> 0 | Q79: =AF75 -> 0 | S79: =SQRT(O79^2+Q79^2) -> 0
B80: =W76 -> 0 | D80: =X76 -> 0 | E80: =Y76 -> 0 | G80: =MID(Z76,1,7) | I80: =AC76 -> 0 | L80: =AD76 -> 0 | O80: =AE76 -> 0 | Q80: =AF76 -> 0 | S80: =SQRT(O80^2+Q80^2) -> 0
... B96: =W92 -> 0 | D96: =X92 -> 0 | E96: =Y92 -> 0 | G96: =MID(Z92,1,7) | I96: =AC92 -> 0 | L96: =AD92 -> 0 | O96: =AE92 -> 0 | Q96: =AF92 -> 0 | S96: =SQRT(O96^2+Q96^2) -> 0
B129: Story | D129: Label | E129: Unique Name | G129: Output Case | I129: Desplazamiento X | L129: Desplazamiento Y | O129: Deriva X | Q129: Deriva Y | S129: Combinada
I130: m | L130: m
B131: =W123 -> 0 | D131: =X123 -> 0 | E131: =Y123 -> 0 | G131: =MID(Z123,1,7) | I131: =AC123 -> 0 | L131: =AD123 -> 0 | O131: =AE123 -> 0 | Q131: =AF123 -> 0 | S131: =SQRT(O131^2+Q131^2) -> 0
B132: =W124 -> 0 | D132: =X124 -> 0 | E132: =Y124 -> 0 | G132: =MID(Z124,1,7) | I132: =AC124 -> 0 | L132: =AD124 -> 0 | O132: =AE124 -> 0 | Q132: =AF124 -> 0 | S132: =SQRT(O132^2+Q132^2) -> 0
B133: =W125 -> 0 | D133: =X125 -> 0 | E133: =Y125 -> 0 | G133: =MID(Z125,1,7) | I133: =AC125 -> 0 | L133: =AD125 -> 0 | O133: =AE125 -> 0 | Q133: =AF125 -> 0 | S133: =SQRT(O133^2+Q133^2) -> 0
B134: =W126 -> 0 | D134: =X126 -> 0 | E134: =Y126 -> 0 | G134: =MID(Z126,1,7) | I134: =AC126 -> 0 | L134: =AD126 -> 0 | O134: =AE126 -> 0 | Q134: =AF126 -> 0 | S134: =SQRT(O134^2+Q134^2) -> 0
B135: =W127 -> 0 | D135: =X127 -> 0 | E135: =Y127 -> 0 | G135: =MID(Z127,1,7) | I135: =AC127 -> 0 | L135: =AD127 -> 0 | O135: =AE127 -> 0 | Q135: =AF127 -> 0 | S135: =SQRT(O135^2+Q135^2) -> 0
B136: =W128 -> 0 | D136: =X128 -> 0 | E136: =Y128 -> 0 | G136: =MID(Z128,1,7) | I136: =AC128 -> 0 | L136: =AD128 -> 0 | O136: =AE128 -> 0 | Q136: =AF128 -> 0 | S136: =SQRT(O136^2+Q136^2) -> 0
B137: =W129 -> 0 | D137: =X129 -> 0 | E137: =Y129 -> 0 | G137: =MID(Z129,1,7) | I137: =AC129 -> 0 | L137: =AD129 -> 0 | O137: =AE129 -> 0 | Q137: =AF129 -> 0 | S137: =SQRT(O137^2+Q137^2) -> 0
B138: =W130 -> 0 | D138: =X130 -> 0 | E138: =Y130 -> 0 | G138: =MID(Z130,1,7) | I138: =AC130 -> 0 | L138: =AD130 -> 0 | O138: =AE130 -> 0 | Q138: =AF130 -> 0 | S138: =SQRT(O138^2+Q138^2) -> 0
B139: =W131 -> 0 | D139: =X131 -> 0 | E139: =Y131 -> 0 | G139: =MID(Z131,1,7) | I139: =AC131 -> 0 | L139: =AD131 -> 0 | O139: =AE131 -> 0 | Q139: =AF131 -> 0 | S139: =SQRT(O139^2+Q139^2) -> 0
B140: =W132 -> 0 | D140: =X132 -> 0 | E140: =Y132 -> 0 | G140: =MID(Z132,1,7) | I140: =AC132 -> 0 | L140: =AD132 -> 0 | O140: =AE132 -> 0 | Q140: =AF132 -> 0 | S140: =SQRT(O140^2+Q140^2) -> 0
B141: =W133 -> 0 | D141: =X133 -> 0 | E141: =Y133 -> 0 | G141: =MID(Z133,1,7) | I141: =AC133 -> 0 | L141: =AD133 -> 0 | O141: =AE133 -> 0 | Q141: =AF133 -> 0 | S141: =SQRT(O141^2+Q141^2) -> 0
B142: =W134 -> 0 | D142: =X134 -> 0 | E142: =Y134 -> 0 | G142: =MID(Z134,1,7) | I142: =AC134 -> 0 | L142: =AD134 -> 0 | O142: =AE134 -> 0 | Q142: =AF134 -> 0 | S142: =SQRT(O142^2+Q142^2) -> 0
... B150: =W142 -> 0 | D150: =X142 -> 0 | E150: =Y142 -> 0 | G150: =MID(Z142,1,7) | I150: =AC142 -> 0 | L150: =AD142 -> 0 | O150: =AE142 -> 0 | Q150: =AF142 -> 0 | S150: =SQRT(O150^2+Q150^2) -> 0

Sheet 9. REPORTE ETABS
A1: ='0. CARTA RESPONSABILIDAD'!A1 -> Memoria de cálculos estructurales | F1: Proyecto: | H1: ='0. CARTA RESPONSABILIDAD'!H1 -> EDIFICACIÓN LOCALES COMERCIALES | O1: Fecha: | Q1: ='0. CARTA RESPONSABILIDAD'!Q1 -> Mayo de 2025
O2: Diseño: | Q2: ='0. CARTA RESPONSABILIDAD'!Q2
F3: Contiene: | H3: REPORTES DE DISEÑO | O3: Revisión: | Q3: ='0. CARTA RESPONSABILIDAD'!Q3 -> R0
B5: 9. REPORTES DE DISEÑO PARA ESTADOS LÍMITES DE RESISTENCIA
B98: Índices de sobreesfuerzo para elementos de concreto.

Sheet ENE
A1: ='0. CARTA RESPONSABILIDAD'!A1 -> Memoria de cálculos estructurales | F1: Proyecto: | H1: ='0. CARTA RESPONSABILIDAD'!H1 -> EDIFICACIÓN LOCALES COMERCIALES | O1: Fecha: | Q1: ='0. CARTA RESPONSABILIDAD'!Q1 -> Mayo de 2025
O2: Diseño: | Q2: ='0. CARTA RESPONSABILIDAD'!Q2
F3: Contiene: | H3: REPORTES DE DISEÑO | O3: Revisión: | Q3: ='0. CARTA RESPONSABILIDAD'!Q3 -> R0
B5: DISEÑO DE ELEMENTOS NO ESTRUCTURALES
B8: *Pendiente mencionar diseño de elementos no estructurales
B9: Muros
B10: Correas

Sheet 10. CIMENTACIÓN
A1: ='0. CARTA RESPONSABILIDAD'!A1 -> Memoria de cálculos estructurales | F1: Proyecto: | H1: ='0. CARTA RESPONSABILIDAD'!H1 -> EDIFICACIÓN LOCALES COMERCIALES | O1: Fecha: | Q1: ='0. CARTA RESPONSABILIDAD'!Q1 -> Mayo de 2025
O2: Diseño: | Q2: ='0. CARTA RESPONSABILIDAD'!Q2
F3: Contiene: | H3: CIMENTACIÓN | O3: Revisión: | Q3: ='0. CARTA RESPONSABILIDAD'!Q3 -> R0
B32: 10. DISEÑO DE CIMENTACIÓN

Sheet 9. DISEÑO VIGAS
A1: JUAN JOSÉ ZAMORA JIMÉNEZ INGENIERO CIVIL | F1: Proyecto: | H1: ='0. INICIO'!H1 -> EDIFICACIÓN LOCALES COMERCIALES | O1: Fecha: | Q1: ='0. INICIO'!Q1 -> Mayo de 2025 | AJ1: Concrete Beam Flexure Envelope
O2: Diseño: | Q2: ='0. INICIO'!Q2 | AK2: 3
F3: Contiene: | H3: DISEÑO DE VIGAS | O3: Revisión: | Q3: ='0. INICIO'!Q3 -> R0
AJ4: Story | AK4: Label | AL4: UniqueName | AM4: Section | AN4: Location | AO4: -ve Moment Combo | AP4: -ve Moment | AQ4: As Top | AR4: +ve Moment Combo | AS4: +ve Moment | AT4: As Bot | AV4: Element + Location | AW4: As Top | AX4: As Bot
B5: 9. DISEÑO DE VIGAS | W5: Número | X5: Área | AF5: LABEL | AG5: SECTION | AP5: kN-m | AQ5: mm² | AS5: kN-m | AT5: mm² | AW5: mm² | AX5: mm²
W6: N° | X6: cm2 | AF6: B2 | AG6: V30X50 | AJ6: N+09.45 | AK6: B2 | AL6: 65 | AM6: V30X50 | AN6: End-I | AO6: B247A-2 (-EX) | AP6: -0.2547 | AQ6: 440 | AR6: B247A-2 (-EX) | AS6: 0.1273 | AT6: 440 | AV6: =AK6&AN6 -> B2End-I | AW6: =AQ6/10^2 -> 4.4 | AX6: =AT6/10^2 -> 4.4
W7: 2 | X7: 0.32 | AF7: B8 | AG7: V30X50 | AJ7: N+09.45 | AK7: B2 | AL7: 65 | AM7: V30X50 | AN7: Middle | AO7: B245B-2 (-EY) | AP7: -6.6479 | AQ7: 440 | AR7: B245B-2 (-EY) | AS7: 3.5429 | AT7: 440 | AV7: =AK7&AN7 -> B2Middle | AW7: =AQ7/10^2 -> 4.4 | AX7: =AT7/10^2 -> 4.4
B8: Refuerzo mínimo | W8: 3 | X8: 0.71 | AF8: B9 | AG8: V35X50 | AJ8: N+09.45 | AK8: B2 | AL8: 65 | AM8: V30X50 | AN8: End-J | AO8: B245B-2 (-EY) | AP8: -14.1715 | AQ8: 440 | AR8: B245B-2 (-EY) | AS8: 7.0858 | AT8: 440 | AV8: =AK8&AN8 -> B2End-J | AW8: =AQ8/10^2 -> 4.4 | AX8: =AT8/10^2 -> 4.4
B9: Sección | D9: b | E9: h | F9: e | G9: d | H9: As mínimo | J9: Arreglo básico | O9: As sumin. | Q9: Arreglo | S9: ¿Cumple? | W9: 4 | X9: 1.29 | AF9: B10 | AG9: V35X50 | AJ9: N+09.45 | AK9: B8 | AL9: 151 | AM9: V30X50 | AN9: End-I | AO9: B245A-2 (-EX) | AP9: -0.2836 | AQ9: 440 | AR9: B245A-2 (-EX) | AS9: 0.1418 | AT9: 440 | AV9: =AK9&AN9 -> B8End-I | AW9: =AQ9/10^2 -> 4.4 | AX9: =AT9/10^2 -> 4.4
D10: cm | E10: cm | F10: cm | G10: cm | H10: cm² | J10: Cant. | K10: N° | L10: + | M10: Cant. | N10: N° | O10: cm² | W10: 5 | X10: 1.99 | AF10: B11 | AG10: V30X50 | AJ10: N+09.45 | AK10: B8 | AL10: 151 | AM10: V30X50 | AN10: Middle | AO10: B245B-2 (-EY) | AP10: -6.6765 | AQ10: 440 | AR10: B245B-2 (-EY) | AS10: 3.5491 | AT10: 440 | AV10: =AK10&AN10 -> B8Middle | AW10: =AQ10/10^2 -> 4.4 | AX10: =AT10/10^2 -> 4.4
B11: V30X50 | D11: 30 | E11: 50 | F11: 6 | G11: =+E11-F11 -> 44 | H11: =0.0033*D11*G11 -> 4.356 | J11: 3 | K11: 5 | L11: + | N11: 4 | O11: =J11*VLOOKUP(K11,$W$7:$X$15,2,)+M11*VLOOKUP(N11,$W$7:$X$15,2,) -> 5.97 | Q11: =CONCATENATE(J11,"#",K11,IF(M11="","",CONCATENATE("+",M11,"#",N11))) -> 3#5 | S11: =IF(O11>=H11,"OK","N/C") -> OK | W11: 6 | X11: 2.84 | AC11: =+H12/1.99 -> 2.5537688 | AF11: B17 | AG11: V30X50 | AJ11: N+09.45 | AK11: B8 | AL11: 151 | AM11: V30X50 | AN11: End-J | AO11: B245B-2 (-EY) | AP11: -14.1963 | AQ11: 440 | AR11: B245B-2 (-EY) | AS11: 7.0981 | AT11: 440 | AV11: =AK11&AN11 -> B8End-J | AW11: =AQ11/10^2 -> 4.4 | AX11: =AT11/10^2 -> 4.4
B12: V35X50 | D12: 35 | E12: 50 | F12: 6 | G12: =+E12-F12 -> 44 | H12: =0.0033*D12*G12 -> 5.082 | J12: 3 | K12: 5 | L12: + | N12: 4 | O12: =J12*VLOOKUP(K12,$W$7:$X$15,2,)+M12*VLOOKUP(N12,$W$7:$X$15,2,) -> 5.97 | Q12: =CONCATENATE(J12,"#",K12,IF(M12="","",CONCATENATE("+",M12,"#",N12))) -> 3#5 | S12: =IF(O12>=H12,"OK","N/C") -> OK | W12: 7 | X12: 3.87 | AF12: B19 | AG12: V35X50 | AJ12: N+09.45 | AK12: B9 | AL12: 94 | AM12: V35X50 | AN12: End-I | AO12: B245A-2 (-EX) | AP12: -150.7693 | AQ12: 975 | AR12: B245A-2 (-EX) | AS12: 75.3846 | AT12: 513 | AV12: =AK12&AN12 -> B9End-I | AW12: =AQ12/10^2 -> 9.75 | AX12: =AT12/10^2 -> 5.13
W13: 8 | X13: 5.1 | AF13: B21 | AG13: V30X50 | AJ13: N+09.45 | AK13: B9 | AL13: 94 | AM13: V35X50 | AN13: Middle | AO13: B245A-2 (-EX) | AP13: -38.2784 | AQ13: 513 | AR13: B242A-1 (L+LR) | AS13: 107.5928 | AT13: 684 | AV13: =AK13&AN13 -> B9Middle | AW13: =AQ13/10^2 -> 5.13 | AX13: =AT13/10^2 -> 6.84
W14: 9 | X14: 6.45 | AF14: B27 | AG14: V30X50 | AJ14: N+09.45 | AK14: B9 | AL14: 94 | AM14: V35X50 | AN14: End-J | AO14: B245A-2 (-EX) | AP14: -153.1134 | AQ14: 991 | AR14: B245A-2 (-EX) | AS14: 76.5567 | AT14: 513 | AV14: =AK14&AN14 -> B9End-J | AW14: =AQ14/10^2 -> 9.91 | AX14: =AT14/10^2 -> 5.13
W15: 10 | X15: 8.19 | AF15: B29 | AG15: V35X50 | AJ15: N+09.45 | AK15: B10 | AL15: 175 | AM15: V35X50 | AN15: End-I | AO15: B247A-2 (-EX) | AP15: -0.3122 | AQ15: 5 | AR15: B247A-2 (-EX) | AS15: 0.2888 | AT15: 5 | AV15: =AK15&AN15 -> B10End-I | AW15: =AQ15/10^2 -> 0.05 | AX15: =AT15/10^2 -> 0.05
AF16: B31 | AG16: V30X50 | AJ16: N+09.45 | AK16: B10 | AL16: 175 | AM16: V35X50 | AN16: Middle | AV16: =AK16&AN16 -> B10Middle | AW16: =AQ16/10^2 -> 0 | AX16: =AT16/10^2 -> 0
A17: Nota: En la siguiente tabla se observan los requerimientos mínimos de refuerzo longitudinal para las vigas, así como el refuerzo típico para la mayoría de las secciones. Para mayor detallado revisar los anexos y los planos de despieces. | W17: Frame assignements - section properties | AF17: B37 | AG17: V30X50 | AJ17: N+09.45 | AK17: B10 | AL17: 175 | AM17: V35X50 | AN17: End-J | AO17: B247A-2 (-EX) | AP17: -0.2991 | AQ17: 5 | AR17: B247A-2 (-EX) | AS17: 0.3029 | AT17: 5 | AV17: =AK17&AN17 -> B10End-J | AW17: =AQ17/10^2 -> 0.05 | AX17: =AT17/10^2 -> 0.05
AF18: B39 | AG18: V35X50 | AJ18: N+09.45 | AK18: B11 | AL18: 109 | AM18: V30X50 | AN18: End-I | AO18: B245B-2 (-EY) | AP18: -65.4813 | AQ18: 440 | AR18: B245B-2 (-EY) | AS18: 32.7406 | AT18: 440 | AV18: =AK18&AN18 -> B11End-I | AW18: =AQ18/10^2 -> 4.4 | AX18: =AT18/10^2 -> 4.4
AF19: B41 | AG19: V30X50 | AJ19: N+09.45 | AK19: B11 | AL19: 109 | AM19: V30X50 | AN19: Middle | AO19: B245B-2 (-EY) | AP19: -16.3703 | AQ19: 440 | AR19: B245B-2 (-EY) | AS19: 27.2449 | AT19: 440 | AV19: =AK19&AN19 -> B11Middle | AW19: =AQ19/10^2 -> 4.4 | AX19: =AT19/10^2 -> 4.4
A20: Diseño ETABS | AF20: B46 | AG20: V30X50 | AJ20: N+09.45 | AK20: B11 | AL20: 109 | AM20: V30X50 | AN20: End-J | AO20: B245B-2 (-EY) | AP20: -58.5299 | AQ20: 440 | AR20: B247B-2 (-EY) | AS20: 29.5606 | AT20: 440 | AV20: =AK20&AN20 -> B11End-J | AW20: =AQ20/10^2 -> 4.4 | AX20: =AT20/10^2 -> 4.4
A21: Label | B21: Sección | D21: As sup. Izq. | F21: As inf. Izq. | H21: As sup. Cen. | J21: As inf. Cen. | L21: As sup. Der. | N21: As inf. Der. | P21: Arreglo | R21: As sumin. | T21: ¿Cumple? | AF21: B47 | AG21: V30X50 | AJ21: N+09.45 | AK21: B17 | AL21: 82 | AM21: V30X50 | AN21: End-I | AO21: B245B-2 (-EY) | AP21: -68.7352 | AQ21: 441 | AR21: B245B-2 (-EY) | AS21: 34.3676 | AT21: 440 | AV21: =AK21&AN21 -> B17End-I | AW21: =AQ21/10^2 -> 4.41 | AX21: =AT21/10^2 -> 4.4
D22: cm² | F22: cm² | H22: cm² | J22: cm² | L22: cm² | N22: cm² | R22: cm² | W22: Cant. | X22: N° | Y22: + | Z22: Cant. | AA22: N° | AF22: B48 | AG22: V30X50 | AJ22: N+09.45 | AK22: B17 | AL22: 82 | AM22: V30X50 | AN22: Middle | AO22: B245B-2 (-EY) | AP22: -17.1838 | AQ22: 440 | AR22: B245B-2 (-EY) | AS22: 28.0498 | AT22: 440 | AV22: =AK22&AN22 -> B17Middle | AW22: =AQ22/10^2 -> 4.4 | AX22: =AT22/10^2 -> 4.4
A23: =AF6 -> B2 | B23: =VLOOKUP(A23,$AF$6:$AG$88,2,) -> V30X50 | D23: =VLOOKUP(A23&"End-I",$AV$6:$AX$1000,2,) -> 4.4 | F23: =VLOOKUP(A23&"End-I",$AV$6:$AX$1000,3,) -> 4.4 | H23: =VLOOKUP(A23&"Middle",$AV$6:$AX$1000,2,) -> 4.4 | J23: =VLOOKUP(A23&"Middle",$AV$6:$AX$1000,3,) -> 4.4 | L23: =VLOOKUP(A23&"End-J",$AV$6:$AX$1000,2,) -> 4.4 | N23: =VLOOKUP(A23&"End-J",$AV$6:$AX$1000,3,) -> 4.4 | P23: =CONCATENATE(W23,"#",X23,IF(Z23="","",CONCATENATE("+",Z23,"#",AA23))) -> 3#5 | R23: =AB23 -> 5.97 | T23: =IF(R23>=MAX(D23:O23),"OK","*Ver nota*") -> OK | W23: =VLOOKUP(B23,$B$11:$P$13,9,) -> 3 | X23: =VLOOKUP(B23,$B$11:$P$13,10,) -> 5 | AA23: =VLOOKUP(B23,$B$11:$P$13,13,) -> 4 | AB23: =W23*VLOOKUP(X23,$W$7:$X$15,2,)+Z23*VLOOKUP(AA23,$W$7:$X$15,2,) -> 5.97 | AF23: B49 | AG23: V30X50 | AJ23: N+09.45 | AK23: B17 | AL23: 82 | AM23: V30X50 | AN23: End-J | AO23: B245B-2 (-EY) | AP23: -64.1408 | AQ23: 440 | AR23: B245B-2 (-EY) | AS23: 32.0704 | AT23: 440 | AV23: =AK23&AN23 -> B17End-J | AW23: =AQ23/10^2 -> 4.4 | AX23: =AT23/10^2 -> 4.4
A24: =AF7 -> B8 | B24: =VLOOKUP(A24,$AF$6:$AG$88,2,) -> V30X50 | D24: =VLOOKUP(A24&"End-I",$AV$6:$AX$1000,2,) -> 4.4 | F24: =VLOOKUP(A24&"End-I",$AV$6:$AX$1000,3,) -> 4.4 | H24: =VLOOKUP(A24&"Middle",$AV$6:$AX$1000,2,) -> 4.4 | J24: =VLOOKUP(A24&"Middle",$AV$6:$AX$1000,3,) -> 4.4 | L24: =VLOOKUP(A24&"End-J",$AV$6:$AX$1000,2,) -> 4.4 | N24: =VLOOKUP(A24&"End-J",$AV$6:$AX$1000,3,) -> 4.4 | P24: =CONCATENATE(W24,"#",X24,IF(Z24="","",CONCATENATE("+",Z24,"#",AA24))) -> 3#5 | R24: =AB24 -> 5.97 | T24: =IF(R24>=MAX(D24:O24),"OK","*Ver nota*") -> OK | W24: =VLOOKUP(B24,$B$11:$P$13,9,) -> 3 | X24: =VLOOKUP(B24,$B$11:$P$13,10,) -> 5 | AA24: =VLOOKUP(B24,$B$11:$P$13,13,) -> 4 | AB24: =W24*VLOOKUP(X24,$W$7:$X$15,2,)+Z24*VLOOKUP(AA24,$W$7:$X$15,2,) -> 5.97 | AF24: B50 | AG24: V30X50 | AJ24: N+09.45 | AK24: B19 | AL24: 100 | AM24: V35X50 | AN24: End-I | AO24: B245A-2 (-EX) | AP24: -179.0584 | AQ24: 1172 | AR24: B245A-2 (-EX) | AS24: 89.5292 | AT24: 565 | AV24: =AK24&AN24 -> B19End-I | AW24: =AQ24/10^2 -> 11.72 | AX24: =AT24/10^2 -> 5.65
A25: =AF8 -> B9 | B25: =VLOOKUP(A25,$AF$6:$AG$88,2,) -> V35X50 | D25: =VLOOKUP(A25&"End-I",$AV$6:$AX$1000,2,) -> 9.75 | F25: =VLOOKUP(A25&"End-I",$AV$6:$AX$1000,3,) -> 5.13 | H25: =VLOOKUP(A25&"Middle",$AV$6:$AX$1000,2,) -> 5.13 | J25: =VLOOKUP(A25&"Middle",$AV$6:$AX$1000,3,) -> 6.84 | L25: =VLOOKUP(A25&"End-J",$AV$6:$AX$1000,2,) -> 9.91 | N25: =VLOOKUP(A25&"End-J",$AV$6:$AX$1000,3,) -> 5.13 | P25: =CONCATENATE(W25,"#",X25,IF(Z25="","",CONCATENATE("+",Z25,"#",AA25))) -> 3#5 | R25: =AB25 -> 5.97 | T25: =IF(R25>=MAX(D25:O25),"OK","*Ver nota*") -> *Ver nota* | W25: =VLOOKUP(B25,$B$11:$P$13,9,) -> 3 | X25: =VLOOKUP(B25,$B$11:$P$13,10,) -> 5 | AA25: =VLOOKUP(B25,$B$11:$P$13,13,) -> 4 | AB25: =W25*VLOOKUP(X25,$W$7:$X$15,2,)+Z25*VLOOKUP(AA25,$W$7:$X$15,2,) -> 5.97 | AF25: B53 | AG25: V35X50 | AJ25: N+09.45 | AK25: B19 | AL25: 100 | AM25: V35X50 | AN25: Middle | AO25: B245A-2 (-EX) | AP25: -44.9981 | AQ25: 513 | AR25: B242A-4 (L+LR) | AS25: 148.5019 | AT25: 959 | AV25: =AK25&AN25 -> B19Middle | AW25: =AQ25/10^2 -> 5.13 | AX25: =AT25/10^2 -> 9.59
A26: =AF9 -> B10 | B26: =VLOOKUP(A26,$AF$6:$AG$88,2,) -> V35X50 | D26: =VLOOKUP(A26&"End-I",$AV$6:$AX$1000,2,) -> 0.05 | F26: =VLOOKUP(A26&"End-I",$AV$6:$AX$1000,3,) -> 0.05 | H26: =VLOOKUP(A26&"Middle",$AV$6:$AX$1000,2,) -> 0 | J26: =VLOOKUP(A26&"Middle",$AV$6:$AX$1000,3,) -> 0 | L26: =VLOOKUP(A26&"End-J",$AV$6:$AX$1000,2,) -> 0.05 | N26: =VLOOKUP(A26&"End-J",$AV$6:$AX$1000,3,) -> 0.05 | P26: =CONCATENATE(W26,"#",X26,IF(Z26="","",CONCATENATE("+",Z26,"#",AA26))) -> 3#5 | R26: =AB26 -> 5.97 | T26: =IF(R26>=MAX(D26:O26),"OK","*Ver nota*") -> OK | W26: =VLOOKUP(B26,$B$11:$P$13,9,) -> 3 | X26: =VLOOKUP(B26,$B$11:$P$13,10,) -> 5 | AA26: =VLOOKUP(B26,$B$11:$P$13,13,) -> 4 | AB26: =W26*VLOOKUP(X26,$W$7:$X$15,2,)+Z26*VLOOKUP(AA26,$W$7:$X$15,2,) -> 5.97 | AF26: B109 | AG26: V35X50 | AJ26: N+09.45 | AK26: B19 | AL26: 100 | AM26: V35X50 | AN26: End-J | AO26: B245A-2 (-EX) | AP26: -179.9924 | AQ26: 1178 | AR26: B245A-2 (-EX) | AS26: 89.9962 | AT26: 568 | AV26: =AK26&AN26 -> B19End-J | AW26: =AQ26/10^2 -> 11.78 | AX26: =AT26/10^2 -> 5.68
A27: =AF10 -> B11 | B27: =VLOOKUP(A27,$AF$6:$AG$88,2,) -> V30X50 | D27: =VLOOKUP(A27&"End-I",$AV$6:$AX$1000,2,) -> 4.4 | F27: =VLOOKUP(A27&"End-I",$AV$6:$AX$1000,3,) -> 4.4 | H27: =VLOOKUP(A27&"Middle",$AV$6:$AX$1000,2,) -> 4.4 | J27: =VLOOKUP(A27&"Middle",$AV$6:$AX$1000,3,) -> 4.4 | L27: =VLOOKUP(A27&"End-J",$AV$6:$AX$1000,2,) -> 4.4 | N27: =VLOOKUP(A27&"End-J",$AV$6:$AX$1000,3,) -> 4.4 | P27: =CONCATENATE(W27,"#",X27,IF(Z27="","",CONCATENATE("+",Z27,"#",AA27))) -> 3#5 | R27: =AB27 -> 5.97 | T27: =IF(R27>=MAX(D27:O27),"OK","*Ver nota*") -> OK | W27: =VLOOKUP(B27,$B$11:$P$13,9,) -> 3 | X27: =VLOOKUP(B27,$B$11:$P$13,10,) -> 5 | AA27: =VLOOKUP(B27,$B$11:$P$13,13,) -> 4 | AB27: =W27*VLOOKUP(X27,$W$7:$X$15,2,)+Z27*VLOOKUP(AA27,$W$7:$X$15,2,) -> 5.97 | AF27: B111 | AG27: V35X50 | AJ27: N+09.45 | AK27: B21 | AL27: 115 | AM27: V30X50 | AN27: End-I | AO27: B245B-2 (-EY) | AP27: -63.4855 | AQ27: 440 | AR27: B245B-2 (-EY) | AS27: 31.7428 | AT27: 440 | AV27: =AK27&AN27 -> B21End-I | AW27: =AQ27/10^2 -> 4.4 | AX27: =AT27/10^2 -> 4.4
A28: =AF11 -> B17 | B28: =VLOOKUP(A28,$AF$6:$AG$88,2,) -> V30X50 | D28: =VLOOKUP(A28&"End-I",$AV$6:$AX$1000,2,) -> 4.41 | F28: =VLOOKUP(A28&"End-I",$AV$6:$AX$1000,3,) -> 4.4 | H28: =VLOOKUP(A28&"Middle",$AV$6:$AX$1000,2,) -> 4.4 | J28: =VLOOKUP(A28&"Middle",$AV$6:$AX$1000,3,) -> 4.4 | L28: =VLOOKUP(A28&"End-J",$AV$6:$AX$1000,2,) -> 4.4 | N28: =VLOOKUP(A28&"End-J",$AV$6:$AX$1000,3,) -> 4.4 | P28: =CONCATENATE(W28,"#",X28,IF(Z28="","",CONCATENATE("+",Z28,"#",AA28))) -> 3#5 | R28: =AB28 -> 5.97 | T28: =IF(R28>=MAX(D28:O28),"OK","*Ver nota*") -> OK | W28: =VLOOKUP(B28,$B$11:$P$13,9,) -> 3 | X28: =VLOOKUP(B28,$B$11:$P$13,10,) -> 5 | AA28: =VLOOKUP(B28,$B$11:$P$13,13,) -> 4 | AB28: =W28*VLOOKUP(X28,$W$7:$X$15,2,)+Z28*VLOOKUP(AA28,$W$7:$X$15,2,) -> 5.97 | AF28: B114 | AG28: V35X50 | AJ28: N+09.45 | AK28: B21 | AL28: 115 | AM28: V30X50 | AN28: Middle | AO28: B245B-2 (-EY) | AP28: -15.8714 | AQ28: 440 | AR28: B242A-3 (L+LR) | AS28: 17.1354 | AT28: 440 | AV28: =AK28&AN28 -> B21Middle | AW28: =AQ28/10^2 -> 4.4 | AX28: =AT28/10^2 -> 4.4
A29: =AF12 -> B19 | B29: =VLOOKUP(A29,$AF$6:$AG$88,2,) -> V35X50 | D29: =VLOOKUP(A29&"End-I",$AV$6:$AX$1000,2,) -> 11.72 | F29: =VLOOKUP(A29&"End-I",$AV$6:$AX$1000,3,) -> 5.65 | H29: =VLOOKUP(A29&"Middle",$AV$6:$AX$1000,2,) -> 5.13 | J29: =VLOOKUP(A29&"Middle",$AV$6:$AX$1000,3,) -> 9.59 | L29: =VLOOKUP(A29&"End-J",$AV$6:$AX$1000,2,) -> 11.78 | N29: =VLOOKUP(A29&"End-J",$AV$6:$AX$1000,3,) -> 5.68 | P29: =CONCATENATE(W29,"#",X29,IF(Z29="","",CONCATENATE("+",Z29,"#",AA29))) -> 3#5 | R29: =AB29 -> 5.97 | T29: =IF(R29>=MAX(D29:O29),"OK","*Ver nota*") -> *Ver nota* | W29: =VLOOKUP(B29,$B$11:$P$13,9,) -> 3 | X29: =VLOOKUP(B29,$B$11:$P$13,10,) -> 5 | AA29: =VLOOKUP(B29,$B$11:$P$13,13,) -> 4 | AB29: =W29*VLOOKUP(X29,$W$7:$X$15,2,)+Z29*VLOOKUP(AA29,$W$7:$X$15,2,) -> 5.97 | AF29: B118 | AG29: V35X50 | AJ29: N+09.45 | AK29: B21 | AL29: 115 | AM29: V30X50 | AN29: End-J | AO29: B245B-2 (-EY) | AP29: -58.1041 | AQ29: 440 | AR29: B245B-2 (-EY) | AS29: 29.052 | AT29: 440 | AV29: =AK29&AN29 -> B21End-J | AW29: =AQ29/10^2 -> 4.4 | AX29: =AT29/10^2 -> 4.4
A30: =AF13 -> B21 | B30: =VLOOKUP(A30,$AF$6:$AG$88,2,) -> V30X50 | D30: =VLOOKUP(A30&"End-I",$AV$6:$AX$1000,2,) -> 4.4 | F30: =VLOOKUP(A30&"End-I",$AV$6:$AX$1000,3,) -> 4.4 | H30: =VLOOKUP(A30&"Middle",$AV$6:$AX$1000,2,) -> 4.4 | J30: =VLOOKUP(A30&"Middle",$AV$6:$AX$1000,3,) -> 4.4 | L30: =VLOOKUP(A30&"End-J",$AV$6:$AX$1000,2,) -> 4.4 | N30: =VLOOKUP(A30&"End-J",$AV$6:$AX$1000,3,) -> 4.4 | P30: =CONCATENATE(W30,"#",X30,IF(Z30="","",CONCATENATE("+",Z30,"#",AA30))) -> 3#5 | R30: =AB30 -> 5.97 | T30: =IF(R30>=MAX(D30:O30),"OK","*Ver nota*") -> OK | W30: =VLOOKUP(B30,$B$11:$P$13,9,) -> 3 | X30: =VLOOKUP(B30,$B$11:$P$13,10,) -> 5 | AA30: =VLOOKUP(B30,$B$11:$P$13,13,) -> 4 | AB30: =W30*VLOOKUP(X30,$W$7:$X$15,2,)+Z30*VLOOKUP(AA30,$W$7:$X$15,2,) -> 5.97 | AF30: B2 | AG30: V30X50 | AJ30: N+09.45 | AK30: B27 | AL30: 88 | AM30: V30X50 | AN30: End-I | AO30: B245B-2 (-EY) | AP30: -67.0813 | AQ30: 440 | AR30: B245B-2 (-EY) | AS30: 33.5407 | AT30: 440 | AV30: =AK30&AN30 -> B27End-I | AW30: =AQ30/10^2 -> 4.4 | AX30: =AT30/10^2 -> 4.4
A31: =AF14 -> B27 | B31: =VLOOKUP(A31,$AF$6:$AG$88,2,) -> V30X50 | D31: =VLOOKUP(A31&"End-I",$AV$6:$AX$1000,2,) -> 4.4 | F31: =VLOOKUP(A31&"End-I",$AV$6:$AX$1000,3,) -> 4.4 | H31: =VLOOKUP(A31&"Middle",$AV$6:$AX$1000,2,) -> 4.4 | J31: =VLOOKUP(A31&"Middle",$AV$6:$AX$1000,3,) -> 4.4 | L31: =VLOOKUP(A31&"End-J",$AV$6:$AX$1000,2,) -> 4.4 | N31: =VLOOKUP(A31&"End-J",$AV$6:$AX$1000,3,) -> 4.4 | P31: =CONCATENATE(W31,"#",X31,IF(Z31="","",CONCATENATE("+",Z31,"#",AA31))) -> 3#5 | R31: =AB31 -> 5.97 | T31: =IF(R31>=MAX(D31:O31),"OK","*Ver nota*") -> OK | W31: =VLOOKUP(B31,$B$11:$P$13,9,) -> 3 | X31: =VLOOKUP(B31,$B$11:$P$13,10,) -> 5 | AA31: =VLOOKUP(B31,$B$11:$P$13,13,) -> 4 | AB31: =W31*VLOOKUP(X31,$W$7:$X$15,2,)+Z31*VLOOKUP(AA31,$W$7:$X$15,2,) -> 5.97 | AF31: B8 | AG31: V30X50 | AJ31: N+09.45 | AK31: B27 | AL31: 88 | AM31: V30X50 | AN31: Middle | AO31: B245B-2 (-EY) | AP31: -16.7703 | AQ31: 440 | AR31: B242A-3 (L+LR) | AS31: 21.1866 | AT31: 440 | AV31: =AK31&AN31 -> B27Middle | AW31: =AQ31/10^2 -> 4.4 | AX31: =AT31/10^2 -> 4.4
A32: =AF15 -> B29 | B32: =VLOOKUP(A32,$AF$6:$AG$88,2,) -> V35X50 | D32: =VLOOKUP(A32&"End-I",$AV$6:$AX$1000,2,) -> 10.17 | F32: =VLOOKUP(A32&"End-I",$AV$6:$AX$1000,3,) -> 5.13 | H32: =VLOOKUP(A32&"Middle",$AV$6:$AX$1000,2,) -> 5.13 | J32: =VLOOKUP(A32&"Middle",$AV$6:$AX$1000,3,) -> 8.6 | L32: =VLOOKUP(A32&"End-J",$AV$6:$AX$1000,2,) -> 10.13 | N32: =VLOOKUP(A32&"End-J",$AV$6:$AX$1000,3,) -> 5.13 | P32: =CONCATENATE(W32,"#",X32,IF(Z32="","",CONCATENATE("+",Z32,"#",AA32))) -> 3#5 | R32: =AB32 -> 5.97 | T32: =IF(R32>=MAX(D32:O32),"OK","*Ver nota*") -> *Ver nota* | W32: =VLOOKUP(B32,$B$11:$P$13,9,) -> 3 | X32: =VLOOKUP(B32,$B$11:$P$13,10,) -> 5 | AA32: =VLOOKUP(B32,$B$11:$P$13,13,) -> 4 | AB32: =W32*VLOOKUP(X32,$W$7:$X$15,2,)+Z32*VLOOKUP(AA32,$W$7:$X$15,2,) -> 5.97 | AF32: B9 | AG32: V35X50 | AJ32: N+09.45 | AK32: B27 | AL32: 88 | AM32: V30X50 | AN32: End-J | AO32: B245B-2 (-EY) | AP32: -63.7968 | AQ32: 440 | AR32: B245B-2 (-EY) | AS32: 31.8984 | AT32: 440 | AV32: =AK32&AN32 -> B27End-J | AW32: =AQ32/10^2 -> 4.4 | AX32: =AT32/10^2 -> 4.4
A33: =AF16 -> B31 | B33: =VLOOKUP(A33,$AF$6:$AG$88,2,) -> V30X50 | D33: =VLOOKUP(A33&"End-I",$AV$6:$AX$1000,2,) -> 4.4 | F33: =VLOOKUP(A33&"End-I",$AV$6:$AX$1000,3,) -> 4.4 | H33: =VLOOKUP(A33&"Middle",$AV$6:$AX$1000,2,) -> 4.4 | J33: =VLOOKUP(A33&"Middle",$AV$6:$AX$1000,3,) -> 4.4 | L33: =VLOOKUP(A33&"End-J",$AV$6:$AX$1000,2,) -> 4.4 | N33: =VLOOKUP(A33&"End-J",$AV$6:$AX$1000,3,) -> 4.4 | P33: =CONCATENATE(W33,"#",X33,IF(Z33="","",CONCATENATE("+",Z33,"#",AA33))) -> 3#5 | R33: =AB33 -> 5.97 | T33: =IF(R33>=MAX(D33:O33),"OK","*Ver nota*") -> OK | W33: =VLOOKUP(B33,$B$11:$P$13,9,) -> 3 | X33: =VLOOKUP(B33,$B$11:$P$13,10,) -> 5 | AA33: =VLOOKUP(B33,$B$11:$P$13,13,) -> 4 | AB33: =W33*VLOOKUP(X33,$W$7:$X$15,2,)+Z33*VLOOKUP(AA33,$W$7:$X$15,2,) -> 5.97 | AF33: B10 | AG33: V35X50 | AJ33: N+09.45 | AK33: B29 | AL33: 103 | AM33: V35X50 | AN33: End-I | AO33: B245A-2 (-EX) | AP33: -156.9362 | AQ33: 1017 | AR33: B245A-2 (-EX) | AS33: 78.4681 | AT33: 513 | AV33: =AK33&AN33 -> B29End-I | AW33: =AQ33/10^2 -> 10.17 | AX33: =AT33/10^2 -> 5.13
A34: =AF17 -> B37 | B34: =VLOOKUP(A34,$AF$6:$AG$88,2,) -> V30X50 | D34: =VLOOKUP(A34&"End-I",$AV$6:$AX$1000,2,) -> 4.4 | F34: =VLOOKUP(A34&"End-I",$AV$6:$AX$1000,3,) -> 4.4 | H34: =VLOOKUP(A34&"Middle",$AV$6:$AX$1000,2,) -> 4.4 | J34: =VLOOKUP(A34&"Middle",$AV$6:$AX$1000,3,) -> 4.4 | L34: =VLOOKUP(A34&"End-J",$AV$6:$AX$1000,2,) -> 4.4 | N34: =VLOOKUP(A34&"End-J",$AV$6:$AX$1000,3,) -> 4.4 | P34: =CONCATENATE(W34,"#",X34,IF(Z34="","",CONCATENATE("+",Z34,"#",AA34))) -> 3#5 | R34: =AB34 -> 5.97 | T34: =IF(R34>=MAX(D34:O34),"OK","*Ver nota*") -> OK | W34: =VLOOKUP(B34,$B$11:$P$13,9,) -> 3 | X34: =VLOOKUP(B34,$B$11:$P$13,10,) -> 5 | AA34: =VLOOKUP(B34,$B$11:$P$13,13,) -> 4 | AB34: =W34*VLOOKUP(X34,$W$7:$X$15,2,)+Z34*VLOOKUP(AA34,$W$7:$X$15,2,) -> 5.97 | AF34: B11 | AG34: V30X50 | AJ34: N+09.45 | AK34: B29 | AL34: 103 | AM34: V35X50 | AN34: Middle | AO34: B245A-2 (-EX) | AP34: -39.2341 | AQ34: 513 | AR34: B242A-1 (L+LR) | AS34: 133.874 | AT34: 860 | AV34: =AK34&AN34 -> B29Middle | AW34: =AQ34/10^2 -> 5.13 | AX34: =AT34/10^2 -> 8.6
... A62: =AF45 -> B47 | B62: =VLOOKUP(A62,$AF$6:$AG$88,2,) -> V30X50 | D62: =VLOOKUP(A62&"End-I",$AV$6:$AX$1000,2,) -> 4.4 | F62: =VLOOKUP(A62&"End-I",$AV$6:$AX$1000,3,) -> 4.4 | H62: =VLOOKUP(A62&"Middle",$AV$6:$AX$1000,2,) -> 4.4 | J62: =VLOOKUP(A62&"Middle",$AV$6:$AX$1000,3,) -> 4.4 | L62: =VLOOKUP(A62&"End-J",$AV$6:$AX$1000,2,) -> 4.4 | N62: =VLOOKUP(A62&"End-J",$AV$6:$AX$1000,3,) -> 4.4 | P62: =CONCATENATE(W62,"#",X62,IF(Z62="","",CONCATENATE("+",Z62,"#",AA62))) -> 3#5 | R62: =AB62 -> 5.97 | T62: =IF(R62>=MAX(D62:O62),"OK","*Ver nota*") -> OK | W62: =VLOOKUP(B62,$B$11:$P$13,9,) -> 3 | X62: =VLOOKUP(B62,$B$11:$P$13,10,) -> 5 | AA62: =VLOOKUP(B62,$B$11:$P$13,13,) -> 4 | AB62: =W62*VLOOKUP(X62,$W$7:$X$15,2,)+Z62*VLOOKUP(AA62,$W$7:$X$15,2,) -> 5.97 | AF62: B27 | AG62: V30X50 | AJ62: N+09.45 | AK62: B50 | AL62: 67 | AM62: V30X50 | AN62: End-J | AO62: B245B-2 (-EY) | AP62: -74.3682 | AQ62: 483 | AR62: B247B-2 (-EY) | AS62: 62.2072 | AT62: 440 | AV62: =AK62&AN62 -> B50End-J | AW62: =AQ62/10^2 -> 4.83 | AX62: =AT62/10^2 -> 4.4
AF63: B29 | AG63: V35X50 | AJ63: N+09.45 | AK63: B53 | AL63: 55 | AM63: V35X50 | AN63: End-I | AO63: B245A-2 (-EX) | AP63: -63.6013 | AQ63: 513 | AR63: B245A-2 (-EX) | AS63: 31.8006 | AT63: 513 | AV63: =AK63&AN63 -> B53End-I | AW63: =AQ63/10^2 -> 5.13 | AX63: =AT63/10^2 -> 5.13
AF64: B31 | AG64: V30X50 | AJ64: N+09.45 | AK64: B53 | AL64: 55 | AM64: V35X50 | AN64: Middle | AO64: B245A-2 (-EX) | AP64: -17.065 | AQ64: 513 | AR64: B245A-2 (-EX) | AS64: 51.4131 | AT64: 513 | AV64: =AK64&AN64 -> B53Middle | AW64: =AQ64/10^2 -> 5.13 | AX64: =AT64/10^2 -> 5.13
AF65: B37 | AG65: V30X50 | AJ65: N+09.45 | AK65: B53 | AL65: 55 | AM65: V35X50 | AN65: End-J | AO65: B245A-2 (-EX) | AP65: -68.26 | AQ65: 513 | AR65: B245A-2 (-EX) | AS65: 34.13 | AT65: 513 | AV65: =AK65&AN65 -> B53End-J | AW65: =AQ65/10^2 -> 5.13 | AX65: =AT65/10^2 -> 5.13
AF66: B39 | AG66: V35X50 | AJ66: N+09.45 | AK66: B109 | AL66: 170 | AM66: V35X50 | AN66: End-I | AO66: B245A-2 (-EX) | AP66: -0.3213 | AQ66: 10 | AR66: B247A-2 (-EX) | AS66: 0.2564 | AT66: 9 | AV66: =AK66&AN66 -> B109End-I | AW66: =AQ66/10^2 -> 0.1 | AX66: =AT66/10^2 -> 0.09
A67: Diseño ETABS | AF67: B41 | AG67: V30X50 | AJ67: N+09.45 | AK67: B109 | AL67: 170 | AM67: V35X50 | AN67: Middle | AV67: =AK67&AN67 -> B109Middle | AW67: =AQ67/10^2 -> 0 | AX67: =AT67/10^2 -> 0
A68: Label | B68: Sección | D68: As sup. Izq. | F68: As inf. Izq. | H68: As sup. Cen. | J68: As inf. Cen. | L68: As sup. Der. | N68: As inf. Der. | P68: Arreglo | R68: As sumin. | T68: ¿Cumple? | AF68: B46 | AG68: V30X50 | AJ68: N+09.45 | AK68: B109 | AL68: 170 | AM68: V35X50 | AN68: End-J | AO68: B245A-2 (-EX) | AP68: -0.3108 | AQ68: 10 | AR68: B245A-2 (-EX) | AS68: 0.2547 | AT68: 9 | AV68: =AK68&AN68 -> B109End-J | AW68: =AQ68/10^2 -> 0.1 | AX68: =AT68/10^2 -> 0.09
D69: cm² | F69: cm² | H69: cm² | J69: cm² | L69: cm² | N69: cm² | R69: cm² | AF69: B47 | AG69: V30X50 | AJ69: N+09.45 | AK69: B111 | AL69: 171 | AM69: V35X50 | AN69: End-I | AO69: B245B-2 (-EY) | AP69: -0.0019 | AQ69: 4 | AR69: B245B-2 (-EY) | AS69: 0.0006 | AT69: 4 | AV69: =AK69&AN69 -> B111End-I | AW69: =AQ69/10^2 -> 0.04 | AX69: =AT69/10^2 -> 0.04
AF70: B48 | AG70: V30X50 | AJ70: N+09.45 | AK70: B111 | AL70: 171 | AM70: V35X50 | AN70: Middle | AV70: =AK70&AN70 -> B111Middle | AW70: =AQ70/10^2 -> 0 | AX70: =AT70/10^2 -> 0
AF71: B49 | AG71: V30X50 | AJ71: N+09.45 | AK71: B111 | AL71: 171 | AM71: V35X50 | AN71: End-J | AO71: B245B-2 (-EY) | AP71: -0.0081 | AQ71: 4 | AR71: B245B-2 (-EY) | AS71: 0.0249 | AT71: 4 | AV71: =AK71&AN71 -> B111End-J | AW71: =AQ71/10^2 -> 0.04 | AX71: =AT71/10^2 -> 0.04
AF72: B50 | AG72: V30X50 | AJ72: N+09.45 | AK72: B114 | AL72: 172 | AM72: V35X50 | AN72: End-I | AO72: B245B-2 (-EY) | AP72: -0.03 | AQ72: 3 | AR72: B247B-2 (-EY) | AS72: 0.0051 | AT72: 3 | AV72: =AK72&AN72 -> B114End-I | AW72: =AQ72/10^2 -> 0.03 | AX72: =AT72/10^2 -> 0.03
AF73: B53 | AG73: V35X50 | AJ73: N+09.45 | AK73: B114 | AL73: 172 | AM73: V35X50 | AN73: Middle | AV73: =AK73&AN73 -> B114Middle | AW73: =AQ73/10^2 -> 0 | AX73: =AT73/10^2 -> 0
AF74: B109 | AG74: V35X50 | AJ74: N+09.45 | AK74: B114 | AL74: 172 | AM74: V35X50 | AN74: End-J | AO74: B247B-2 (-EY) | AP74: -0.0037 | AQ74: 3 | AR74: B247B-2 (-EY) | AS74: 0.0096 | AT74: 3 | AV74: =AK74&AN74 -> B114End-J | AW74: =AQ74/10^2 -> 0.03 | AX74: =AT74/10^2 -> 0.03
AF75: B111 | AG75: V35X50 | AJ75: N+09.45 | AK75: B118 | AL75: 173 | AM75: V35X50 | AN75: End-I | AO75: B245A-2 (-EX) | AP75: -0.017 | AQ75: 4 | AR75: B245A-2 (-EX) | AS75: 0.0057 | AT75: 3 | AV75: =AK75&AN75 -> B118End-I | AW75: =AQ75/10^2 -> 0.04 | AX75: =AT75/10^2 -> 0.03
AF76: B114 | AG76: V35X50 | AJ76: N+09.45 | AK76: B118 | AL76: 173 | AM76: V35X50 | AN76: Middle | AV76: =AK76&AN76 -> B118Middle | AW76: =AQ76/10^2 -> 0 | AX76: =AT76/10^2 -> 0
AF77: B118 | AG77: V35X50 | AJ77: N+09.45 | AK77: B118 | AL77: 173 | AM77: V35X50 | AN77: End-J | AO77: B247A-2 (-EX) | AP77: -0.0037 | AQ77: 3 | AR77: B245A-2 (-EX) | AS77: 0.0266 | AT77: 3 | AV77: =AK77&AN77 -> B118End-J | AW77: =AQ77/10^2 -> 0.03 | AX77: =AT77/10^2 -> 0.03
AJ78: N+06.30 | AK78: B2 | AL78: 168 | AM78: V30X50 | AN78: End-I | AO78: B247A-2 (-EX) | AP78: -0.2691 | AQ78: 440 | AR78: B247A-2 (-EX) | AS78: 0.1345 | AT78: 440 | AV78: =AK78&AN78 -> B2End-I | AW78: =AQ78/10^2 -> 4.4 | AX78: =AT78/10^2 -> 4.4
AJ79: N+06.30 | AK79: B2 | AL79: 168 | AM79: V30X50 | AN79: Middle | AO79: B242B-1 (L+G) | AP79: -6.5983 | AQ79: 440 | AR79: B242B-1 (L+G) | AS79: 3.5363 | AT79: 440 | AV79: =AK79&AN79 -> B2Middle | AW79: =AQ79/10^2 -> 4.4 | AX79: =AT79/10^2 -> 4.4
AJ80: N+06.30 | AK80: B2 | AL80: 168 | AM80: V30X50 | AN80: End-J | AO80: B242B-1 (L+G) | AP80: -14.1452 | AQ80: 440 | AR80: B242B-1 (L+G) | AS80: 7.0726 | AT80: 440 | AV80: =AK80&AN80 -> B2End-J | AW80: =AQ80/10^2 -> 4.4 | AX80: =AT80/10^2 -> 4.4
AJ81: N+06.30 | AK81: B8 | AL81: 180 | AM81: V30X50 | AN81: End-I | AO81: B245A-2 (-EX) | AP81: -0.2947 | AQ81: 440 | AR81: B245A-2 (-EX) | AS81: 0.1474 | AT81: 440 | AV81: =AK81&AN81 -> B8End-I | AW81: =AQ81/10^2 -> 4.4 | AX81: =AT81/10^2 -> 4.4
AJ82: N+06.30 | AK82: B8 | AL82: 180 | AM82: V30X50 | AN82: Middle | AO82: B242B-2 (L+G) | AP82: -6.6305 | AQ82: 440 | AR82: B242B-2 (L+G) | AS82: 3.5438 | AT82: 440 | AV82: =AK82&AN82 -> B8Middle | AW82: =AQ82/10^2 -> 4.4 | AX82: =AT82/10^2 -> 4.4
AJ83: N+06.30 | AK83: B8 | AL83: 180 | AM83: V30X50 | AN83: End-J | AO83: B242B-2 (L+G) | AP83: -14.1753 | AQ83: 440 | AR83: B242B-2 (L+G) | AS83: 7.0876 | AT83: 440 | AV83: =AK83&AN83 -> B8End-J | AW83: =AQ83/10^2 -> 4.4 | AX83: =AT83/10^2 -> 4.4
AJ84: N+06.30 | AK84: B9 | AL84: 95 | AM84: V35X50 | AN84: End-I | AO84: B245A-2 (-EX) | AP84: -156.5392 | AQ84: 1039 | AR84: B245A-2 (-EX) | AS84: 78.2696 | AT84: 518 | AV84: =AK84&AN84 -> B9End-I | AW84: =AQ84/10^2 -> 10.39 | AX84: =AT84/10^2 -> 5.18
AJ85: N+06.30 | AK85: B9 | AL85: 95 | AM85: V35X50 | AN85: Middle | AO85: B245A-2 (-EX) | AP85: -39.6427 | AQ85: 513 | AR85: B242A-1 (L+LR) | AS85: 115.5709 | AT85: 740 | AV85: =AK85&AN85 -> B9Middle | AW85: =AQ85/10^2 -> 5.13 | AX85: =AT85/10^2 -> 7.4
AJ86: N+06.30 | AK86: B9 | AL86: 95 | AM86: V35X50 | AN86: End-J | AO86: B245A-2 (-EX) | AP86: -158.5709 | AQ86: 1051 | AR86: B245A-2 (-EX) | AS86: 79.2854 | AT86: 522 | AV86: =AK86&AN86 -> B9End-J | AW86: =AQ86/10^2 -> 10.51 | AX86: =AT86/10^2 -> 5.22
AJ87: N+06.30 | AK87: B10 | AL87: 203 | AM87: V35X50 | AN87: End-I | AO87: B245A-2 (-EX) | AP87: -0.3159 | AQ87: 5 | AR87: B247A-2 (-EX) | AS87: 0.2635 | AT87: 5 | AV87: =AK87&AN87 -> B10End-I | AW87: =AQ87/10^2 -> 0.05 | AX87: =AT87/10^2 -> 0.05
AJ88: N+06.30 | AK88: B10 | AL88: 203 | AM88: V35X50 | AN88: Middle | AV88: =AK88&AN88 -> B10Middle | AW88: =AQ88/10^2 -> 0 | AX88: =AT88/10^2 -> 0
AJ89: N+06.30 | AK89: B10 | AL89: 203 | AM89: V35X50 | AN89: End-J | AO89: B245A-2 (-EX) | AP89: -0.2954 | AQ89: 5 | AR89: B245A-2 (-EX) | AS89: 0.2749 | AT89: 5 | AV89: =AK89&AN89 -> B10End-J | AW89: =AQ89/10^2 -> 0.05 | AX89: =AT89/10^2 -> 0.05
AJ90: N+06.30 | AK90: B11 | AL90: 110 | AM90: V30X50 | AN90: End-I | AO90: B245B-2 (-EY) | AP90: -79.7418 | AQ90: 505 | AR90: B245B-2 (-EY) | AS90: 39.8709 | AT90: 440 | AV90: =AK90&AN90 -> B11End-I | AW90: =AQ90/10^2 -> 5.05 | AX90: =AT90/10^2 -> 4.4
AJ91: N+06.30 | AK91: B11 | AL91: 110 | AM91: V30X50 | AN91: Middle | AO91: B245B-2 (-EY) | AP91: -19.9355 | AQ91: 440 | AR91: B245B-2 (-EY) | AS91: 33.219 | AT91: 440 | AV91: =AK91&AN91 -> B11Middle | AW91: =AQ91/10^2 -> 4.4 | AX91: =AT91/10^2 -> 4.4
AJ92: N+06.30 | AK92: B11 | AL92: 110 | AM92: V30X50 | AN92: End-J | AO92: B245B-2 (-EY) | AP92: -74.6496 | AQ92: 472 | AR92: B245B-2 (-EY) | AS92: 37.3248 | AT92: 440 | AV92: =AK92&AN92 -> B11End-J | AW92: =AQ92/10^2 -> 4.72 | AX92: =AT92/10^2 -> 4.4
AJ93: N+06.30 | AK93: B17 | AL93: 83 | AM93: V30X50 | AN93: End-I | AO93: B245B-2 (-EY) | AP93: -83.1512 | AQ93: 527 | AR93: B245B-2 (-EY) | AS93: 41.5756 | AT93: 440 | AV93: =AK93&AN93 -> B17End-I | AW93: =AQ93/10^2 -> 5.27 | AX93: =AT93/10^2 -> 4.4
AJ94: N+06.30 | AK94: B17 | AL94: 83 | AM94: V30X50 | AN94: Middle | AO94: B245B-2 (-EY) | AP94: -20.7878 | AQ94: 440 | AR94: B245B-2 (-EY) | AS94: 34.0599 | AT94: 440 | AV94: =AK94&AN94 -> B17Middle | AW94: =AQ94/10^2 -> 4.4 | AX94: =AT94/10^2 -> 4.4
AJ95: N+06.30 | AK95: B17 | AL95: 83 | AM95: V30X50 | AN95: End-J | AO95: B245B-2 (-EY) | AP95: -80.2904 | AQ95: 508 | AR95: B245B-2 (-EY) | AS95: 40.1452 | AT95: 440 | AV95: =AK95&AN95 -> B17End-J | AW95: =AQ95/10^2 -> 5.08 | AX95: =AT95/10^2 -> 4.4
AJ96: N+06.30 | AK96: B19 | AL96: 101 | AM96: V35X50 | AN96: End-I | AO96: B245A-2 (-EX) | AP96: -176.3246 | AQ96: 1172 | AR96: B245A-2 (-EX) | AS96: 88.1623 | AT96: 577 | AV96: =AK96&AN96 -> B19End-I | AW96: =AQ96/10^2 -> 11.72 | AX96: =AT96/10^2 -> 5.77
AJ97: N+06.30 | AK97: B19 | AL97: 101 | AM97: V35X50 | AN97: Middle | AO97: B245A-2 (-EX) | AP97: -44.2534 | AQ97: 513 | AR97: B242A-1 (L+LR) | AS97: 147.5293 | AT97: 962 | AV97: =AK97&AN97 -> B19Middle | AW97: =AQ97/10^2 -> 5.13 | AX97: =AT97/10^2 -> 9.62
AJ98: N+06.30 | AK98: B19 | AL98: 101 | AM98: V35X50 | AN98: End-J | AO98: B245A-2 (-EX) | AP98: -177.0135 | AQ98: 1174 | AR98: B245A-2 (-EX) | AS98: 88.5067 | AT98: 576 | AV98: =AK98&AN98 -> B19End-J | AW98: =AQ98/10^2 -> 11.74 | AX98: =AT98/10^2 -> 5.76
AJ99: N+06.30 | AK99: B21 | AL99: 116 | AM99: V30X50 | AN99: End-I | AO99: B245B-2 (-EY) | AP99: -79.2117 | AQ99: 508 | AR99: B245B-2 (-EY) | AS99: 39.6058 | AT99: 440 | AV99: =AK99&AN99 -> B21End-I | AW99: =AQ99/10^2 -> 5.08 | AX99: =AT99/10^2 -> 4.4
AJ100: N+06.30 | AK100: B21 | AL100: 116 | AM100: V30X50 | AN100: Middle | AO100: B245B-2 (-EY) | AP100: -19.8029 | AQ100: 440 | AR100: B242A-3 (L+LR) | AS100: 21.9589 | AT100: 440 | AV100: =AK100&AN100 -> B21Middle | AW100: =AQ100/10^2 -> 4.4 | AX100: =AT100/10^2 -> 4.4
... AJ138: N+06.30 | AK138: B109 | AL138: 198 | AM138: V35X50 | AN138: End-I | AO138: B245A-2 (-EX) | AP138: -0.3451 | AQ138: 5 | AR138: B247A-2 (-EX) | AS138: 0.2391 | AT138: 4 | AV138: =AK138&AN138 -> B109End-I | AW138: =AQ138/10^2 -> 0.05 | AX138: =AT138/10^2 -> 0.04
AJ139: N+06.30 | AK139: B109 | AL139: 198 | AM139: V35X50 | AN139: Middle | AV139: =AK139&AN139 -> B109Middle | AW139: =AQ139/10^2 -> 0 | AX139: =AT139/10^2 -> 0
AJ140: N+06.30 | AK140: B109 | AL140: 198 | AM140: V35X50 | AN140: End-J | AO140: B245A-2 (-EX) | AP140: -0.3346 | AQ140: 4 | AR140: B247A-2 (-EX) | AS140: 0.2459 | AT140: 4 | AV140: =AK140&AN140 -> B109End-J | AW140: =AQ140/10^2 -> 0.04 | AX140: =AT140/10^2 -> 0.04
AJ141: N+06.30 | AK141: B111 | AL141: 199 | AM141: V35X50 | AN141: End-I | AO141: B247B-2 (-EY) | AP141: -0.0117 | AQ141: 2 | AR141: B247B-2 (-EY) | AS141: 0.0126 | AT141: 2 | AV141: =AK141&AN141 -> B111End-I | AW141: =AQ141/10^2 -> 0.02 | AX141: =AT141/10^2 -> 0.02
AJ142: N+06.30 | AK142: B111 | AL142: 199 | AM142: V35X50 | AN142: Middle | AV142: =AK142&AN142 -> B111Middle | AW142: =AQ142/10^2 -> 0 | AX142: =AT142/10^2 -> 0
AJ143: N+06.30 | AK143: B111 | AL143: 199 | AM143: V35X50 | AN143: End-J | AO143: B247B-2 (-EY) | AP143: 0 | AQ143: 2 | AR143: B245B-2 (-EY) | AS143: 0.0394 | AT143: 3 | AV143: =AK143&AN143 -> B111End-J | AW143: =AQ143/10^2 -> 0.02 | AX143: =AT143/10^2 -> 0.03
AJ144: N+06.30 | AK144: B114 | AL144: 200 | AM144: V35X50 | AN144: End-I | AO144: B245B-2 (-EY) | AP144: -0.0266 | AQ144: 2 | AR144: B245B-2 (-EY) | AS144: 0.0089 | AT144: 1 | AV144: =AK144&AN144 -> B114End-I | AW144: =AQ144/10^2 -> 0.02 | AX144: =AT144/10^2 -> 0.01
AJ145: N+06.30 | AK145: B114 | AL145: 200 | AM145: V35X50 | AN145: Middle | AV145: =AK145&AN145 -> B114Middle | AW145: =AQ145/10^2 -> 0 | AX145: =AT145/10^2 -> 0
AJ146: N+06.30 | AK146: B114 | AL146: 200 | AM146: V35X50 | AN146: End-J | AO146: B245B-2 (-EY) | AP146: 0 | AQ146: 1 | AR146: B245B-2 (-EY) | AS146: 0.0113 | AT146: 1 | AV146: =AK146&AN146 -> B114End-J | AW146: =AQ146/10^2 -> 0.01 | AX146: =AT146/10^2 -> 0.01
AJ147: N+06.30 | AK147: B118 | AL147: 201 | AM147: V35X50 | AN147: End-I | AO147: B245A-2 (-EX) | AP147: -0.0059 | AQ147: 2 | AR147: B245A-2 (-EX) | AS147: 0.002 | AT147: 2 | AV147: =AK147&AN147 -> B118End-I | AW147: =AQ147/10^2 -> 0.02 | AX147: =AT147/10^2 -> 0.02
AJ148: N+06.30 | AK148: B118 | AL148: 201 | AM148: V35X50 | AN148: Middle | AV148: =AK148&AN148 -> B118Middle | AW148: =AQ148/10^2 -> 0 | AX148: =AT148/10^2 -> 0
AJ149: N+06.30 | AK149: B118 | AL149: 201 | AM149: V35X50 | AN149: End-J | AO149: B247A-2 (-EX) | AP149: 0 | AQ149: 1 | AR149: B245A-2 (-EX) | AS149: 0.0373 | AT149: 2 | AV149: =AK149&AN149 -> B118End-J | AW149: =AQ149/10^2 -> 0.01 | AX149: =AT149/10^2 -> 0.02
AJ150: N+03.15 | AK150: B2 | AL150: 121 | AM150: V30X50 | AN150: End-I | AO150: B247A-2 (-EX) | AP150: -0.1922 | AQ150: 440 | AR150: B247A-2 (-EX) | AS150: 0.0961 | AT150: 440 | AV150: =AK150&AN150 -> B2End-I | AW150: =AQ150/10^2 -> 4.4 | AX150: =AT150/10^2 -> 4.4
AJ151: N+03.15 | AK151: B2 | AL151: 121 | AM151: V30X50 | AN151: Middle | AO151: B242B-1 (L+G) | AP151: -6.5997 | AQ151: 440 | AR151: B242B-1 (L+G) | AS151: 3.5357 | AT151: 440 | AV151: =AK151&AN151 -> B2Middle | AW151: =AQ151/10^2 -> 4.4 | AX151: =AT151/10^2 -> 4.4
AJ152: N+03.15 | AK152: B2 | AL152: 121 | AM152: V30X50 | AN152: End-J | AO152: B242B-1 (L+G) | AP152: -14.1428 | AQ152: 440 | AR152: B242B-1 (L+G) | AS152: 7.0714 | AT152: 440 | AV152: =AK152&AN152 -> B2End-J | AW152: =AQ152/10^2 -> 4.4 | AX152: =AT152/10^2 -> 4.4
AJ153: N+03.15 | AK153: B8 | AL153: 123 | AM153: V30X50 | AN153: End-I | AO153: B245A-2 (-EX) | AP153: -0.2107 | AQ153: 440 | AR153: B245A-2 (-EX) | AS153: 0.1054 | AT153: 440 | AV153: =AK153&AN153 -> B8End-I | AW153: =AQ153/10^2 -> 4.4 | AX153: =AT153/10^2 -> 4.4
AJ154: N+03.15 | AK154: B8 | AL154: 123 | AM154: V30X50 | AN154: Middle | AO154: B242B-2 (L+G) | AP154: -6.6247 | AQ154: 440 | AR154: B242B-2 (L+G) | AS154: 3.542 | AT154: 440 | AV154: =AK154&AN154 -> B8Middle | AW154: =AQ154/10^2 -> 4.4 | AX154: =AT154/10^2 -> 4.4
AJ155: N+03.15 | AK155: B8 | AL155: 123 | AM155: V30X50 | AN155: End-J | AO155: B242B-2 (L+G) | AP155: -14.1679 | AQ155: 440 | AR155: B242B-2 (L+G) | AS155: 7.0839 | AT155: 440 | AV155: =AK155&AN155 -> B8End-J | AW155: =AQ155/10^2 -> 4.4 | AX155: =AT155/10^2 -> 4.4
AJ156: N+03.15 | AK156: B9 | AL156: 96 | AM156: V35X50 | AN156: End-I | AO156: B245A-2 (-EX) | AP156: -140.1715 | AQ156: 931 | AR156: B245A-2 (-EX) | AS156: 70.0857 | AT156: 513 | AV156: =AK156&AN156 -> B9End-I | AW156: =AQ156/10^2 -> 9.31 | AX156: =AT156/10^2 -> 5.13
AJ157: N+03.15 | AK157: B9 | AL157: 96 | AM157: V35X50 | AN157: Middle | AO157: B245A-2 (-EX) | AP157: -35.3595 | AQ157: 513 | AR157: B242A-4 (L+LR) | AS157: 115.523 | AT157: 750 | AV157: =AK157&AN157 -> B9Middle | AW157: =AQ157/10^2 -> 5.13 | AX157: =AT157/10^2 -> 7.5
AJ158: N+03.15 | AK158: B9 | AL158: 96 | AM158: V35X50 | AN158: End-J | AO158: B245A-2 (-EX) | AP158: -141.4378 | AQ158: 937 | AR158: B245A-2 (-EX) | AS158: 70.7189 | AT158: 513 | AV158: =AK158&AN158 -> B9End-J | AW158: =AQ158/10^2 -> 9.37 | AX158: =AT158/10^2 -> 5.13
AJ159: N+03.15 | AK159: B10 | AL159: 129 | AM159: V35X50 | AN159: End-I | AO159: B245A-2 (-EX) | AP159: -0.2349 | AQ159: 5 | AR159: B247A-2 (-EX) | AS159: 0.1794 | AT159: 4 | AV159: =AK159&AN159 -> B10End-I | AW159: =AQ159/10^2 -> 0.05 | AX159: =AT159/10^2 -> 0.04
AJ160: N+03.15 | AK160: B10 | AL160: 129 | AM160: V35X50 | AN160: Middle | AV160: =AK160&AN160 -> B10Middle | AW160: =AQ160/10^2 -> 0 | AX160: =AT160/10^2 -> 0
AJ161: N+03.15 | AK161: B10 | AL161: 129 | AM161: V35X50 | AN161: End-J | AO161: B247A-2 (-EX) | AP161: -0.2113 | AQ161: 4 | AR161: B247A-2 (-EX) | AS161: 0.1933 | AT161: 4 | AV161: =AK161&AN161 -> B10End-J | AW161: =AQ161/10^2 -> 0.04 | AX161: =AT161/10^2 -> 0.04
AJ162: N+03.15 | AK162: B11 | AL162: 111 | AM162: V30X50 | AN162: End-I | AO162: B245B-2 (-EY) | AP162: -73.4272 | AQ162: 473 | AR162: B245B-2 (-EY) | AS162: 36.7136 | AT162: 440 | AV162: =AK162&AN162 -> B11End-I | AW162: =AQ162/10^2 -> 4.73 | AX162: =AT162/10^2 -> 4.4
AJ163: N+03.15 | AK163: B11 | AL163: 111 | AM163: V30X50 | AN163: Middle | AO163: B245B-2 (-EY) | AP163: -18.3568 | AQ163: 440 | AR163: B245B-2 (-EY) | AS163: 29.9898 | AT163: 440 | AV163: =AK163&AN163 -> B11Middle | AW163: =AQ163/10^2 -> 4.4 | AX163: =AT163/10^2 -> 4.4
AJ164: N+03.15 | AK164: B11 | AL164: 111 | AM164: V30X50 | AN164: End-J | AO164: B245B-2 (-EY) | AP164: -70.1947 | AQ164: 452 | AR164: B245B-2 (-EY) | AS164: 35.0973 | AT164: 440 | AV164: =AK164&AN164 -> B11End-J | AW164: =AQ164/10^2 -> 4.52 | AX164: =AT164/10^2 -> 4.4
...

Sheet 10. DISEÑO COLUMNAS
D1: ='0. CARTA RESPONSABILIDAD'!A1 -> Memoria de cálculos estructurales | J1: Proyecto: | L1: ='0. INICIO'!H1 -> EDIFICACIÓN LOCALES COMERCIALES | S1: Fecha: | U1: ='0. INICIO'!Q1 -> Mayo de 2025
S2: Diseño: | U2: ='0. INICIO'!Q2 | AD2: Número | AE2: Área
J3: Contiene: | L3: DISEÑO DE COLUMNAS | S3: Revisión: | U3: ='0. INICIO'!Q3 -> R0 | AD3: N° | AE3: cm2
AD4: 2 | AE4: 0.32
B5: 9. DISEÑO DE COLUMNAS | AD5: 3 | AE5: 0.71
AD6: 4 | AE6: 1.29
AD7: 5 | AE7: 1.99
A8: Sección | C8: b | D8: h | E8: Ag | F8: As req. | G8: Arreglo básico | L8: As sumin. | N8: Arreglo | P8: ¿Cumple? | R8: Cuantía | T8: S | U8: Ash1 req. | V8: Ash1 | W8: Ramas | Y8: Ash2 req. | Z8: Ash2 | AA8: Ramas | AD8: 6 | AE8: 2.84 | AG8: Ash 1 sum. | AR8: Ash 2 sum. | BC8: L. Largo | BD8: L. Corto | BE8: f'c | BF8: fy | BG8: Recub. | BH8: bc1 | BI8: bc2 | BJ8: Ag | BK8: Ach | BL8: Ash1 (1) | BM8: Ash1 (2) | BN8: Ash2 (1) | BO8: Ash2 (2)
AD9: 7 | AE9: 3.87 | AG9: Cant. | AH9: N° | AI9: + | AJ9: Cant. | AK9: N° | AL9: Ash 1 | AN9: Arreglo | AP9: Arreglo | AR9: Cant. | AS9: N° | AT9: + | AU9: Cant. | AV9: N° | AW9: Ash 2 | AY9: Arreglo | BA9: Arreglo
C10: cm | D10: cm | E10: cm2 | F10: cm2 | G10: Cant. | H10: N° | I10: + | J10: Cant. | K10: N° | L10: cm² | T10: cm | U10: cm2 | V10: cm2 | Y10: cm2 | Z10: cm² | AD10: 8 | AE10: 5.1 | AG10: Cant. | AH10: N° | AI10: + | AJ10: Cant. | AK10: N° | AL10: cm² | AR10: Cant. | AS10: N° | AT10: + | AU10: Cant. | AV10: N° | AW10: cm² | BC10: cm | BD10: cm | BE10: Kg/cm2 | BF10: Kg/cm2 | BG10: cm | BH10: cm | BI10: cm | BJ10: cm2 | BK10: cm2 | BL10: cm2 | BM10: cm2 | BN10: cm2 | BO10: cm2
A11: C 110x35 | C11: 110 | D11: 35 | E11: =C11*D11 -> 3850 | F11: =+E11/100 -> 38.5 | G11: 16 | H11: 6 | I11: + | K11: 5 | L11: =G11*VLOOKUP(H11,$AD$4:$AE$12,2,)+J11*VLOOKUP(K11,$AD$4:$AE$12,2,) -> 45.44 | N11: =CONCATENATE(G11,"#",H11,IF(J11="","",CONCATENATE("+",J11,"#",K11))) -> 16#6 | P11: =IF(L11>=F11,"OK","N/C") -> OK | R11: =L11/E11 -> 0.011802597 | T11: 10 | U11: =MAX(BL11:BM11) -> 8.1185185 | V11: =AL11 -> 9.03 | W11: =+AN11 -> 2#4+5#4 | Y11: =MAX(BN11:BO11) -> 2.1490196 | Z11: =AW11 -> 3.87 | AA11: =AY11 -> 2#4+1#4 | AD11: 9 | AE11: 6.45 | AG11: 2 | AH11: 4 | AI11: + | AJ11: 5 | AK11: 4 | AL11: =AG11*VLOOKUP(AH11,$AD$4:$AE$12,2,)+AJ11*VLOOKUP(AK11,$AD$4:$AE$12,2,) -> 9.03 | AN11: =CONCATENATE(AG11,"#",AH11,IF(AJ11="","",CONCATENATE("+",AJ11,"#",AK11))) -> 2#4+5#4 | AP11: =IF(AL11>U11,"OK","N/C") -> OK | AR11: 2 | AS11: 4 | AT11: + | AU11: 1 | AV11: 4 | AW11: =AR11*VLOOKUP(AS11,$AD$4:$AE$12,2,)+AU11*VLOOKUP(AV11,$AD$4:$AE$12,2,) -> 3.87 | AY11: =CONCATENATE(AR11,"#",AS11,IF(AU11="","",CONCATENATE("+",AU11,"#",AV11))) -> 2#4+1#4 | BA11: =IF(Z11>Y11,"OK","N/C") -> OK | BC11: =MAX(C11:D11) -> 110 | BD11: =MIN(C11:D11) -> 35 | BE11: ='0. INICIO'!$H$71*10 -> 280 | BF11: 4200 | BG11: 4 | BH11: =BC11-2*BG11 -> 102 | BI11: =BD11-2*BG11 -> 27 | BJ11: =BC11*BD11 -> 3850 | BK11: =BH11*BI11 -> 2754 | BL11: =(0.3*T11*BH11*BE11/BF11)*(BJ11/BK11-1) -> 8.1185185 | BM11: =(0.09*T11*BH11*BE11/BF11) -> 6.12 | BN11: =(0.3*T11*BI11*BE11/BF11)*(BJ11/BK11-1) -> 2.1490196 | BO11: =(0.09*T11*BI11*BE11/BF11) -> 1.62
A12: C 110x35 | C12: 110 | D12: 35 | E12: =C12*D12 -> 3850 | F12: =+E12/100 -> 38.5 | G12: 18 | H12: 6 | I12: + | K12: 5 | L12: =G12*VLOOKUP(H12,$AD$4:$AE$12,2,)+J12*VLOOKUP(K12,$AD$4:$AE$12,2,) -> 51.12 | N12: =CONCATENATE(G12,"#",H12,IF(J12="","",CONCATENATE("+",J12,"#",K12))) -> 18#6 | P12: =IF(L12>=F12,"OK","N/C") -> OK | R12: =L12/E12 -> 0.013277922 | T12: 10 | U12: =MAX(BL12:BM12) -> 8.1185185 | V12: =AL12 -> 9.03 | W12: =+AN12 -> 2#4+5#4 | Y12: =MAX(BN12:BO12) -> 2.1490196 | Z12: =AW12 -> 3.87 | AA12: =AY12 -> 2#4+1#4 | AD12: 10 | AE12: 8.19 | AG12: 2 | AH12: 4 | AI12: + | AJ12: 5 | AK12: 4 | AL12: =AG12*VLOOKUP(AH12,$AD$4:$AE$12,2,)+AJ12*VLOOKUP(AK12,$AD$4:$AE$12,2,) -> 9.03 | AN12: =CONCATENATE(AG12,"#",AH12,IF(AJ12="","",CONCATENATE("+",AJ12,"#",AK12))) -> 2#4+5#4 | AP12: =IF(AL12>U12,"OK","N/C") -> OK | AR12: 2 | AS12: 4 | AT12: + | AU12: 1 | AV12: 4 | AW12: =AR12*VLOOKUP(AS12,$AD$4:$AE$12,2,)+AU12*VLOOKUP(AV12,$AD$4:$AE$12,2,) -> 3.87 | AY12: =CONCATENATE(AR12,"#",AS12,IF(AU12="","",CONCATENATE("+",AU12,"#",AV12))) -> 2#4+1#4 | BA12: =IF(Z12>Y12,"OK","N/C") -> OK | BC12: =MAX(C12:D12) -> 110 | BD12: =MIN(C12:D12) -> 35 | BE12: ='0. INICIO'!$H$71*10 -> 280 | BF12: 4200 | BG12: 4 | BH12: =BC12-2*BG12 -> 102 | BI12: =BD12-2*BG12 -> 27 | BJ12: =BC12*BD12 -> 3850 | BK12: =BH12*BI12 -> 2754 | BL12: =(0.3*T12*BH12*BE12/BF12)*(BJ12/BK12-1) -> 8.1185185 | BM12: =(0.09*T12*BH12*BE12/BF12) -> 6.12 | BN12: =(0.3*T12*BI12*BE12/BF12)*(BJ12/BK12-1) -> 2.1490196 | BO12: =(0.09*T12*BI12*BE12/BF12) -> 1.62
A13: C 110x35 | C13: 110 | D13: 35 | E13: =C13*D13 -> 3850 | F13: =+E13/100 -> 38.5 | G13: 16 | H13: 6 | I13: + | J13: 4 | K13: 7 | L13: =G13*VLOOKUP(H13,$AD$4:$AE$12,2,)+J13*VLOOKUP(K13,$AD$4:$AE$12,2,) -> 60.92 | N13: =CONCATENATE(G13,"#",H13,IF(J13="","",CONCATENATE("+",J13,"#",K13))) -> 16#6+4#7 | P13: =IF(L13>=F13,"OK","N/C") -> OK | R13: =L13/E13 -> 0.015823377 | T13: 10 | U13: =MAX(BL13:BM13) -> 8.1185185 | V13: =AL13 -> 9.03 | W13: =+AN13 -> 2#4+5#4 | Y13: =MAX(BN13:BO13) -> 2.1490196 | Z13: =AW13 -> 3.29 | AA13: =AY13 -> 2#4+1#3 | AG13: 2 | AH13: 4 | AI13: + | AJ13: 5 | AK13: 4 | AL13: =AG13*VLOOKUP(AH13,$AD$4:$AE$12,2,)+AJ13*VLOOKUP(AK13,$AD$4:$AE$12,2,) -> 9.03 | AN13: =CONCATENATE(AG13,"#",AH13,IF(AJ13="","",CONCATENATE("+",AJ13,"#",AK13))) -> 2#4+5#4 | AP13: =IF(AL13>U13,"OK","N/C") -> OK | AR13: 2 | AS13: 4 | AT13: + | AU13: 1 | AV13: 3 | AW13: =AR13*VLOOKUP(AS13,$AD$4:$AE$12,2,)+AU13*VLOOKUP(AV13,$AD$4:$AE$12,2,) -> 3.29 | AY13: =CONCATENATE(AR13,"#",AS13,IF(AU13="","",CONCATENATE("+",AU13,"#",AV13))) -> 2#4+1#3 | BA13: =IF(Z13>Y13,"OK","N/C") -> OK | BC13: =MAX(C13:D13) -> 110 | BD13: =MIN(C13:D13) -> 35 | BE13: ='0. INICIO'!$H$71*10 -> 280 | BF13: 4200 | BG13: 4 | BH13: =BC13-2*BG13 -> 102 | BI13: =BD13-2*BG13 -> 27 | BJ13: =BC13*BD13 -> 3850 | BK13: =BH13*BI13 -> 2754 | BL13: =(0.3*T13*BH13*BE13/BF13)*(BJ13/BK13-1) -> 8.1185185 | BM13: =(0.09*T13*BH13*BE13/BF13) -> 6.12 | BN13: =(0.3*T13*BI13*BE13/BF13)*(BJ13/BK13-1) -> 2.1490196 | BO13: =(0.09*T13*BI13*BE13/BF13) -> 1.62
AG14: 2 | AH14: 4 | AI14: + | AJ14: 1 | AK14: 3 | AL14: =AG14*VLOOKUP(AH14,$AD$4:$AE$12,2,)+AJ14*VLOOKUP(AK14,$AD$4:$AE$12,2,) -> 3.29 | AN14: =CONCATENATE(AG14,"#",AH14,IF(AJ14="","",CONCATENATE("+",AJ14,"#",AK14))) -> 2#4+1#3 | AP14: =IF(AL14>U14,"OK","N/C") -> OK | AR14: 2 | AS14: 4 | AT14: + | AU14: 2 | AV14: 3 | AW14: =AR14*VLOOKUP(AS14,$AD$4:$AE$12,2,)+AU14*VLOOKUP(AV14,$AD$4:$AE$12,2,) -> 4 | AY14: =CONCATENATE(AR14,"#",AS14,IF(AU14="","",CONCATENATE("+",AU14,"#",AV14))) -> 2#4+2#3 | BA14: =IF(Z14>Y14,"OK","N/C") -> N/C | BC14: =MAX(C14:D14) -> 0 | BD14: =MIN(C14:D14) -> 0 | BE14: ='0. INICIO'!$H$71*10 -> 280 | BF14: 4200 | BG14: 4 | BH14: =BC14-2*BG14 -> -8 | BI14: =BD14-2*BG14 -> -8 | BJ14: =BC14*BD14 -> 0 | BK14: =BH14*BI14 -> 64 | BL14: =(0.3*T14*BH14*BE14/BF14)*(BJ14/BK14-1) -> 0 | BM14: =(0.09*T14*BH14*BE14/BF14) -> 0 | BN14: =(0.3*T14*BI14*BE14/BF14)*(BJ14/BK14-1) -> 0 | BO14: =(0.09*T14*BI14*BE14/BF14) -> 0
AG15: 2 | AH15: 4 | AI15: + | AJ15: 1 | AK15: 3 | AL15: =AG15*VLOOKUP(AH15,$AD$4:$AE$12,2,)+AJ15*VLOOKUP(AK15,$AD$4:$AE$12,2,) -> 3.29 | AN15: =CONCATENATE(AG15,"#",AH15,IF(AJ15="","",CONCATENATE("+",AJ15,"#",AK15))) -> 2#4+1#3 | AP15: =IF(AL15>U15,"OK","N/C") -> OK | AR15: 2 | AS15: 4 | AT15: + | AU15: 2 | AV15: 3 | AW15: =AR15*VLOOKUP(AS15,$AD$4:$AE$12,2,)+AU15*VLOOKUP(AV15,$AD$4:$AE$12,2,) -> 4 | AY15: =CONCATENATE(AR15,"#",AS15,IF(AU15="","",CONCATENATE("+",AU15,"#",AV15))) -> 2#4+2#3 | BA15: =IF(Z15>Y15,"OK","N/C") -> N/C | BC15: =MAX(C15:D15) -> 0 | BD15: =MIN(C15:D15) -> 0 | BE15: ='0. INICIO'!$H$71*10 -> 280 | BF15: 4200 | BG15: 4 | BH15: =BC15-2*BG15 -> -8 | BI15: =BD15-2*BG15 -> -8 | BJ15: =BC15*BD15 -> 0 | BK15: =BH15*BI15 -> 64 | BL15: =(0.3*T15*BH15*BE15/BF15)*(BJ15/BK15-1) -> 0 | BM15: =(0.09*T15*BH15*BE15/BF15) -> 0 | BN15: =(0.3*T15*BI15*BE15/BF15)*(BJ15/BK15-1) -> 0 | BO15: =(0.09*T15*BI15*BE15/BF15) -> 0
AG16: 2 | AH16: 4 | AI16: + | AJ16: 1 | AK16: 3 | AL16: =AG16*VLOOKUP(AH16,$AD$4:$AE$12,2,)+AJ16*VLOOKUP(AK16,$AD$4:$AE$12,2,) -> 3.29 | AN16: =CONCATENATE(AG16,"#",AH16,IF(AJ16="","",CONCATENATE("+",AJ16,"#",AK16))) -> 2#4+1#3 | AP16: =IF(AL16>U16,"OK","N/C") -> OK | AR16: 2 | AS16: 4 | AT16: + | AU16: 2 | AV16: 3 | AW16: =AR16*VLOOKUP(AS16,$AD$4:$AE$12,2,)+AU16*VLOOKUP(AV16,$AD$4:$AE$12,2,) -> 4 | AY16: =CONCATENATE(AR16,"#",AS16,IF(AU16="","",CONCATENATE("+",AU16,"#",AV16))) -> 2#4+2#3 | BA16: =IF(Z16>Y16,"OK","N/C") -> N/C | BC16: =MAX(C16:D16) -> 0 | BD16: =MIN(C16:D16) -> 0 | BE16: ='0. INICIO'!$H$71*10 -> 280 | BF16: 4200 | BG16: 4 | BH16: =BC16-2*BG16 -> -8 | BI16: =BD16-2*BG16 -> -8 | BJ16: =BC16*BD16 -> 0 | BK16: =BH16*BI16 -> 64 | BL16: =(0.3*T16*BH16*BE16/BF16)*(BJ16/BK16-1) -> 0 | BM16: =(0.09*T16*BH16*BE16/BF16) -> 0 | BN16: =(0.3*T16*BI16*BE16/BF16)*(BJ16/BK16-1) -> 0 | BO16: =(0.09*T16*BI16*BE16/BF16) -> 0
AG17: 2 | AH17: 4 | AI17: + | AJ17: 1 | AK17: 3 | AL17: =AG17*VLOOKUP(AH17,$AD$4:$AE$12,2,)+AJ17*VLOOKUP(AK17,$AD$4:$AE$12,2,) -> 3.29 | AN17: =CONCATENATE(AG17,"#",AH17,IF(AJ17="","",CONCATENATE("+",AJ17,"#",AK17))) -> 2#4+1#3 | AP17: =IF(AL17>U17,"OK","N/C") -> OK | AR17: 2 | AS17: 4 | AT17: + | AU17: 2 | AV17: 3 | AW17: =AR17*VLOOKUP(AS17,$AD$4:$AE$12,2,)+AU17*VLOOKUP(AV17,$AD$4:$AE$12,2,) -> 4 | AY17: =CONCATENATE(AR17,"#",AS17,IF(AU17="","",CONCATENATE("+",AU17,"#",AV17))) -> 2#4+2#3 | BA17: =IF(Z17>Y17,"OK","N/C") -> N/C | BC17: =MAX(C17:D17) -> 0 | BD17: =MIN(C17:D17) -> 0 | BE17: ='0. INICIO'!$H$71*10 -> 280 | BF17: 4200 | BG17: 4 | BH17: =BC17-2*BG17 -> -8 | BI17: =BD17-2*BG17 -> -8 | BJ17: =BC17*BD17 -> 0 | BK17: =BH17*BI17 -> 64 | BL17: =(0.3*T17*BH17*BE17/BF17)*(BJ17/BK17-1) -> 0 | BM17: =(0.09*T17*BH17*BE17/BF17) -> 0 | BN17: =(0.3*T17*BI17*BE17/BF17)*(BJ17/BK17-1) -> 0 | BO17: =(0.09*T17*BI17*BE17/BF17) -> 0
AG18: 2 | AH18: 4 | AI18: + | AJ18: 1 | AK18: 3 | AL18: =AG18*VLOOKUP(AH18,$AD$4:$AE$12,2,)+AJ18*VLOOKUP(AK18,$AD$4:$AE$12,2,) -> 3.29 | AN18: =CONCATENATE(AG18,"#",AH18,IF(AJ18="","",CONCATENATE("+",AJ18,"#",AK18))) -> 2#4+1#3 | AP18: =IF(AL18>U18,"OK","N/C") -> OK | AR18: 2 | AS18: 4 | AT18: + | AU18: 2 | AV18: 3 | AW18: =AR18*VLOOKUP(AS18,$AD$4:$AE$12,2,)+AU18*VLOOKUP(AV18,$AD$4:$AE$12,2,) -> 4 | AY18: =CONCATENATE(AR18,"#",AS18,IF(AU18="","",CONCATENATE("+",AU18,"#",AV18))) -> 2#4+2#3 | BA18: =IF(Z18>Y18,"OK","N/C") -> N/C | BC18: =MAX(C18:D18) -> 0 | BD18: =MIN(C18:D18) -> 0 | BE18: ='0. INICIO'!$H$71*10 -> 280 | BF18: 4200 | BG18: 4 | BH18: =BC18-2*BG18 -> -8 | BI18: =BD18-2*BG18 -> -8 | BJ18: =BC18*BD18 -> 0 | BK18: =BH18*BI18 -> 64 | BL18: =(0.3*T18*BH18*BE18/BF18)*(BJ18/BK18-1) -> 0 | BM18: =(0.09*T18*BH18*BE18/BF18) -> 0 | BN18: =(0.3*T18*BI18*BE18/BF18)*(BJ18/BK18-1) -> 0 | BO18: =(0.09*T18*BI18*BE18/BF18) -> 0
AG19: 2 | AH19: 4 | AI19: + | AJ19: 1 | AK19: 3 | AL19: =AG19*VLOOKUP(AH19,$AD$4:$AE$12,2,)+AJ19*VLOOKUP(AK19,$AD$4:$AE$12,2,) -> 3.29 | AN19: =CONCATENATE(AG19,"#",AH19,IF(AJ19="","",CONCATENATE("+",AJ19,"#",AK19))) -> 2#4+1#3 | AP19: =IF(AL19>U19,"OK","N/C") -> OK | AR19: 2 | AS19: 4 | AT19: + | AU19: 2 | AV19: 3 | AW19: =AR19*VLOOKUP(AS19,$AD$4:$AE$12,2,)+AU19*VLOOKUP(AV19,$AD$4:$AE$12,2,) -> 4 | AY19: =CONCATENATE(AR19,"#",AS19,IF(AU19="","",CONCATENATE("+",AU19,"#",AV19))) -> 2#4+2#3 | BA19: =IF(Z19>Y19,"OK","N/C") -> N/C | BC19: =MAX(C19:D19) -> 0 | BD19: =MIN(C19:D19) -> 0 | BE19: ='0. INICIO'!$H$71*10 -> 280 | BF19: 4200 | BG19: 4 | BH19: =BC19-2*BG19 -> -8 | BI19: =BD19-2*BG19 -> -8 | BJ19: =BC19*BD19 -> 0 | BK19: =BH19*BI19 -> 64 | BL19: =(0.3*T19*BH19*BE19/BF19)*(BJ19/BK19-1) -> 0 | BM19: =(0.09*T19*BH19*BE19/BF19) -> 0 | BN19: =(0.3*T19*BI19*BE19/BF19)*(BJ19/BK19-1) -> 0 | BO19: =(0.09*T19*BI19*BE19/BF19) -> 0
AG20: 2 | AH20: 4 | AI20: + | AJ20: 1 | AK20: 3 | AL20: =AG20*VLOOKUP(AH20,$AD$4:$AE$12,2,)+AJ20*VLOOKUP(AK20,$AD$4:$AE$12,2,) -> 3.29 | AN20: =CONCATENATE(AG20,"#",AH20,IF(AJ20="","",CONCATENATE("+",AJ20,"#",AK20))) -> 2#4+1#3 | AP20: =IF(AL20>U20,"OK","N/C") -> OK | AR20: 2 | AS20: 4 | AT20: + | AU20: 2 | AV20: 3 | AW20: =AR20*VLOOKUP(AS20,$AD$4:$AE$12,2,)+AU20*VLOOKUP(AV20,$AD$4:$AE$12,2,) -> 4 | AY20: =CONCATENATE(AR20,"#",AS20,IF(AU20="","",CONCATENATE("+",AU20,"#",AV20))) -> 2#4+2#3 | BA20: =IF(Z20>Y20,"OK","N/C") -> N/C | BC20: =MAX(C20:D20) -> 0 | BD20: =MIN(C20:D20) -> 0 | BE20: ='0. INICIO'!$H$71*10 -> 280 | BF20: 4200 | BG20: 4 | BH20: =BC20-2*BG20 -> -8 | BI20: =BD20-2*BG20 -> -8 | BJ20: =BC20*BD20 -> 0 | BK20: =BH20*BI20 -> 64 | BL20: =(0.3*T20*BH20*BE20/BF20)*(BJ20/BK20-1) -> 0 | BM20: =(0.09*T20*BH20*BE20/BF20) -> 0 | BN20: =(0.3*T20*BI20*BE20/BF20)*(BJ20/BK20-1) -> 0 | BO20: =(0.09*T20*BI20*BE20/BF20) -> 0
AG21: 2 | AH21: 4 | AI21: + | AJ21: 1 | AK21: 3 | AL21: =AG21*VLOOKUP(AH21,$AD$4:$AE$12,2,)+AJ21*VLOOKUP(AK21,$AD$4:$AE$12,2,) -> 3.29 | AN21: =CONCATENATE(AG21,"#",AH21,IF(AJ21="","",CONCATENATE("+",AJ21,"#",AK21))) -> 2#4+1#3 | AP21: =IF(AL21>U21,"OK","N/C") -> OK | AR21: 2 | AS21: 4 | AT21: + | AU21: 2 | AV21: 3 | AW21: =AR21*VLOOKUP(AS21,$AD$4:$AE$12,2,)+AU21*VLOOKUP(AV21,$AD$4:$AE$12,2,) -> 4 | AY21: =CONCATENATE(AR21,"#",AS21,IF(AU21="","",CONCATENATE("+",AU21,"#",AV21))) -> 2#4+2#3 | BA21: =IF(Z21>Y21,"OK","N/C") -> N/C | BC21: =MAX(C21:D21) -> 0 | BD21: =MIN(C21:D21) -> 0 | BE21: ='0. INICIO'!$H$71*10 -> 280 | BF21: 4200 | BG21: 4 | BH21: =BC21-2*BG21 -> -8 | BI21: =BD21-2*BG21 -> -8 | BJ21: =BC21*BD21 -> 0 | BK21: =BH21*BI21 -> 64 | BL21: =(0.3*T21*BH21*BE21/BF21)*(BJ21/BK21-1) -> 0 | BM21: =(0.09*T21*BH21*BE21/BF21) -> 0 | BN21: =(0.3*T21*BI21*BE21/BF21)*(BJ21/BK21-1) -> 0 | BO21: =(0.09*T21*BI21*BE21/BF21) -> 0
AG22: 2 | AH22: 4 | AI22: + | AJ22: 1 | AK22: 3 | AL22: =AG22*VLOOKUP(AH22,$AD$4:$AE$12,2,)+AJ22*VLOOKUP(AK22,$AD$4:$AE$12,2,) -> 3.29 | AN22: =CONCATENATE(AG22,"#",AH22,IF(AJ22="","",CONCATENATE("+",AJ22,"#",AK22))) -> 2#4+1#3 | AP22: =IF(AL22>U22,"OK","N/C") -> OK | AR22: 2 | AS22: 4 | AT22: + | AU22: 2 | AV22: 3 | AW22: =AR22*VLOOKUP(AS22,$AD$4:$AE$12,2,)+AU22*VLOOKUP(AV22,$AD$4:$AE$12,2,) -> 4 | AY22: =CONCATENATE(AR22,"#",AS22,IF(AU22="","",CONCATENATE("+",AU22,"#",AV22))) -> 2#4+2#3 | BA22: =IF(Z22>Y22,"OK","N/C") -> N/C | BC22: =MAX(C22:D22) -> 0 | BD22: =MIN(C22:D22) -> 0 | BE22: ='0. INICIO'!$H$71*10 -> 280 | BF22: 4200 | BG22: 4 | BH22: =BC22-2*BG22 -> -8 | BI22: =BD22-2*BG22 -> -8 | BJ22: =BC22*BD22 -> 0 | BK22: =BH22*BI22 -> 64 | BL22: =(0.3*T22*BH22*BE22/BF22)*(BJ22/BK22-1) -> 0 | BM22: =(0.09*T22*BH22*BE22/BF22) -> 0 | BN22: =(0.3*T22*BI22*BE22/BF22)*(BJ22/BK22-1) -> 0 | BO22: =(0.09*T22*BI22*BE22/BF22) -> 0
AG23: 2 | AH23: 4 | AI23: + | AJ23: 1 | AK23: 3 | AL23: =AG23*VLOOKUP(AH23,$AD$4:$AE$12,2,)+AJ23*VLOOKUP(AK23,$AD$4:$AE$12,2,) -> 3.29 | AN23: =CONCATENATE(AG23,"#",AH23,IF(AJ23="","",CONCATENATE("+",AJ23,"#",AK23))) -> 2#4+1#3 | AP23: =IF(AL23>U23,"OK","N/C") -> OK | AR23: 2 | AS23: 4 | AT23: + | AU23: 2 | AV23: 3 | AW23: =AR23*VLOOKUP(AS23,$AD$4:$AE$12,2,)+AU23*VLOOKUP(AV23,$AD$4:$AE$12,2,) -> 4 | AY23: =CONCATENATE(AR23,"#",AS23,IF(AU23="","",CONCATENATE("+",AU23,"#",AV23))) -> 2#4+2#3 | BA23: =IF(Z23>Y23,"OK","N/C") -> N/C | BC23: =MAX(C23:D23) -> 0 | BD23: =MIN(C23:D23) -> 0 | BE23: ='0. INICIO'!$H$71*10 -> 280 | BF23: 4200 | BG23: 4 | BH23: =BC23-2*BG23 -> -8 | BI23: =BD23-2*BG23 -> -8 | BJ23: =BC23*BD23 -> 0 | BK23: =BH23*BI23 -> 64 | BL23: =(0.3*T23*BH23*BE23/BF23)*(BJ23/BK23-1) -> 0 | BM23: =(0.09*T23*BH23*BE23/BF23) -> 0 | BN23: =(0.3*T23*BI23*BE23/BF23)*(BJ23/BK23-1) -> 0 | BO23: =(0.09*T23*BI23*BE23/BF23) -> 0
AG24: 2 | AH24: 4 | AI24: + | AJ24: 1 | AK24: 3 | AL24: =AG24*VLOOKUP(AH24,$AD$4:$AE$12,2,)+AJ24*VLOOKUP(AK24,$AD$4:$AE$12,2,) -> 3.29 | AN24: =CONCATENATE(AG24,"#",AH24,IF(AJ24="","",CONCATENATE("+",AJ24,"#",AK24))) -> 2#4+1#3 | AP24: =IF(AL24>U24,"OK","N/C") -> OK | AR24: 2 | AS24: 4 | AT24: + | AU24: 2 | AV24: 3 | AW24: =AR24*VLOOKUP(AS24,$AD$4:$AE$12,2,)+AU24*VLOOKUP(AV24,$AD$4:$AE$12,2,) -> 4 | AY24: =CONCATENATE(AR24,"#",AS24,IF(AU24="","",CONCATENATE("+",AU24,"#",AV24))) -> 2#4+2#3 | BA24: =IF(Z24>Y24,"OK","N/C") -> N/C | BC24: =MAX(C24:D24) -> 0 | BD24: =MIN(C24:D24) -> 0 | BE24: ='0. INICIO'!$H$71*10 -> 280 | BF24: 4200 | BG24: 4 | BH24: =BC24-2*BG24 -> -8 | BI24: =BD24-2*BG24 -> -8 | BJ24: =BC24*BD24 -> 0 | BK24: =BH24*BI24 -> 64 | BL24: =(0.3*T24*BH24*BE24/BF24)*(BJ24/BK24-1) -> 0 | BM24: =(0.09*T24*BH24*BE24/BF24) -> 0 | BN24: =(0.3*T24*BI24*BE24/BF24)*(BJ24/BK24-1) -> 0 | BO24: =(0.09*T24*BI24*BE24/BF24) -> 0

Sheet 11. CARGA DE VIENTO
A1: ='0. CARTA RESPONSABILIDAD'!A1 -> Memoria de cálculos estructurales | F1: Proyecto: | H1: ='0. CARTA RESPONSABILIDAD'!H1 -> EDIFICACIÓN LOCALES COMERCIALES | O1: Fecha: | Q1: ='0. CARTA RESPONSABILIDAD'!Q1 -> Mayo de 2025
O2: Diseño: | Q2: ='0. CARTA RESPONSABILIDAD'!Q2
F3: Contiene: | H3: CORREAS DE CUBIERTA | O3: Revisión: | Q3: ='0. CARTA RESPONSABILIDAD'!Q3 -> R0
B32: 11. CARGA DE VIENTO

Sheet 12. CORREAS DE CUBIERTA
A1: ='0. CARTA RESPONSABILIDAD'!A1 -> Memoria de cálculos estructurales | F1: Proyecto: | H1: ='0. CARTA RESPONSABILIDAD'!H1 -> EDIFICACIÓN LOCALES COMERCIALES | O1: Fecha: | Q1: ='0. CARTA RESPONSABILIDAD'!Q1 -> Mayo de 2025
O2: Diseño: | Q2: ='0. CARTA RESPONSABILIDAD'!Q2
F3: Contiene: | H3: CORREAS DE CUBIERTA | O3: Revisión: | Q3: ='0. CARTA RESPONSABILIDAD'!Q3 -> R0
B32: 12. CORREAS DE CUBIERTA

Sheet 11. ZAPATAS
A1: Memoria de cálculos estructurales | D1: Proyecto: | E1: ='9. REPORTE ETABS'!H1 -> EDIFICACIÓN LOCALES COMERCIALES | I1: Fecha: | J1: ='9. REPORTE ETABS'!Q1 -> Mayo de 2025 | M1: Memoria de cálculos estructurales | P1: Proyecto: | Q1: =E1 -> EDIFICACIÓN LOCALES COMERCIALES | U1: Fecha: | V1: =J1 -> Mayo de 2025 | Y1: Memoria de cálculos estructurales | AB1: Proyecto: | AC1: =Q1 -> EDIFICACIÓN LOCALES COMERCIALES | AG1: Fecha: | AH1: =V1 -> Mayo de 2025 | AN1: Memoria de cálculos estructurales | AQ1: Proyecto: | AR1: =Q1 -> EDIFICACIÓN LOCALES COMERCIALES | AV1: Fecha: | AW1: =V1 -> Mayo de 2025 | AZ1: Memoria de cálculos estructurales | BC1: Proyecto: | BD1: =AC1 -> EDIFICACIÓN LOCALES COMERCIALES | BH1: Fecha: | BI1: =AH1 -> Mayo de 2025 | BL1: JUAN JOSÉ ZAMORA JIMÉNEZ | BO1: Proyecto: | BP1: =BD1 -> EDIFICACIÓN LOCALES COMERCIALES | BT1: Fecha: | BU1: =BI1 -> Mayo de 2025 | BX1: JUAN JOSÉ ZAMORA JIMÉNEZ | CA1: Proyecto: | CB1: =BP1 -> EDIFICACIÓN LOCALES COMERCIALES | CF1: Fecha: | CG1: =BU1 -> Mayo de 2025 | CJ1: JUAN JOSÉ ZAMORA JIMÉNEZ | CM1: Proyecto: | CN1: =CB1 -> EDIFICACIÓN LOCALES COMERCIALES | CR1: Fecha: | CS1: =CG1 -> Mayo de 2025
I2: Diseño: | J2: ='9. REPORTE ETABS'!Q2 | U2: Diseño: | V2: =J2 | AG2: Diseño: | AH2: =V2 | AV2: Diseño: | AW2: =V2 | BH2: Diseño: | BI2: =AH2 | BT2: Diseño: | BU2: =BI2 | CF2: Diseño: | CG2: =BU2 | CR2: Diseño: | CS2: =CG2
D3: Contiene: | E3: ='9. REPORTE ETABS'!H3 -> REPORTES DE DISEÑO | I3: Actualización | J3: 1 | P3: Contiene: | Q3: =E3 -> REPORTES DE DISEÑO | U3: Actualización | V3: =J3 -> 1 | AB3: Contiene: | AC3: =Q3 -> REPORTES DE DISEÑO | AG3: Actualización | AH3: =V3 -> 1 | AQ3: Contiene: | AR3: =Q3 -> REPORTES DE DISEÑO | AV3: Actualización | AW3: =V3 -> 1 | BC3: Contiene: | BD3: =AC3 -> REPORTES DE DISEÑO | BH3: Actualización | BI3: =AH3 -> 1 | BO3: Contiene: | BP3: =BD3 -> REPORTES DE DISEÑO | BT3: Actualización | BU3: =BI3 -> 1 | CA3: Contiene: | CB3: =BP3 -> REPORTES DE DISEÑO | CF3: Actualización | CG3: =BU3 -> 1 | CM3: Contiene: | CN3: =CB3 -> REPORTES DE DISEÑO | CR3: Actualización | CS3: =CG3 -> 1
I4: Revisión: | J4: ='9. REPORTE ETABS'!Q3 -> R0 | U4: Revisión: | V4: =J4 -> R0 | AG4: Revisión: | AH4: =V4 -> R0 | AV4: Revisión: | AW4: =V4 -> R0 | BH4: Revisión: | BI4: =AH4 -> R0 | BT4: Revisión: | BU4: =BI4 -> R0 | CF4: Revisión: | CG4: =BU4 -> R0 | CR4: Revisión: | CS4: =CG4 -> R0
N6: f'c | O6: 28 | P6: MPa | S6: qa* | T6: =10.61*10*1.33 -> 141.113 | U6: Kpa | V6: *Se considera un aumento del 33% al considerar combinaciones con carga sísmica.
N7: fy | O7: 420 | P7: MPa | S7: ɣ Suelo | T7: 17.2 | U7: KN/m3 | AB7: =1.1/0.35 -> 3.1428571
N8: Ec | O8: =4700*SQRT(O6) -> 24870.062 | P8: Mpa | S8: ɣ Concreto | T8: 24 | U8: KN/m3
AN9: Zapata Tipo | AO9: Chequeo cortante bidireccional | AU9: Chequeo cortante unidireccional | AZ9: Zapata Tipo | BA9: Momento para refuerzo | BL9: Zapata N° | BM9: Diseño zapata medianera | BX9: Zapata N° | BY9: Diseño zapata medianera | CJ9: Zapata N° | CK9: Diseño zapata esquinera
M10: Zapata Tipo | N10: Unique name | O10: Posición columna | P10: Cargas servicio | U10: Dimensiones zapatas | W10: Peso zapata | X10: Peso suelo | Y10: Zapata Tipo | Z10: Dimensiones zapata | AD10: Excentricidades | AH10: Desplazada en el sentido: | AI10: Brazo de la carga axial (Para volcamiento) | BA10: Sentido del lado B | BM10: Método 1 (Enrique Kerpel) | BQ10: Refuerzo viga de equilibrio | BY10: Refuerzo viga de equilibrio | CB10: qmax | CC10: ¿cumple? | CK10: Mr | CL10: T | CM10: qmax | CN10: qmin | CO10: ¿cumple? | CP10: Refuerzo viga de equilibrio | CW10: Zapata Tipo | CX10: Unique name | DA10: Refuerzo superior sentido B. A&Ab | DB10: Refuerzo superior sentido L. A&Ab
P11: Vx | Q11: Vy | R11: Pu | S11: Mx | T11: My | U11: e | V11: d | W11: Pz | X11: Ps | Z11: B recom. | AA11: B usar | AB11: L recom. | AC11: L usar | AD11: ex | AE11: ey | AF11: Chequeo ex | AG11: Chequeo ey | AO11: Vubd | AP11: Vn1 | AQ11: Vn2 | AR11: Vn3 | AS11: ¿cumple? | AT11: e | AU11: Vuud (B) | AV11: Vuud (L) | AW11: φVc(B) | AX11: φVc(L) | AY11: ¿cumple? | BA11: Mu (B) | BB11: Rn | BC11: ρ | BD11: As | BE11: Barra | BF11: Cantidad | BG11: As sum. | BH11: ¿cumple? | BI11: Sep | BJ11: Arreglo a usar | BM11: C | BN11: M* | BO11: Tu | BP11: Ast req. | BQ11: Cantidad | BR11: N° Barra | BT11: Ast sum | BU11: T | BV11: ¿cumple? | BY11: Ast sum | BZ11: T | CA11: ¿cumple? | CP11: Ast req. | CQ11: Cantidad | CR11: N° Barra | CY11: B usar | CZ11: L usar
P12: KN | Q12: KN | R12: KN | S12: KN-m | T12: KN-m | U12: m | V12: m | W12: KN | X12: KN | Z12: m | AA12: m | AB12: m | AC12: m | AD12: m | AE12: m | AI12: L | AJ12: B | AO12: KN | AP12: KN | AQ12: KN | AR12: KN | AU12: KN | AV12: KN | AW12: KN | AX12: KN | BA12: KN-m | BB12: Kpa | BD12: cm2 | BG12: cm2 | BI12: m | BM12: m | BN12: KN-M | BO12: KN | BP12: cm2 | BT12: cm2 | BU12: KN | BY12: cm2 | BZ12: KN | CB12: Kpa | CK12: KN-m | CL12: KN | CM12: Kpa | CN12: Kpa | CP12: cm2 | CY12: m | CZ12: m
M13: =Y13 -> Z1 | N13: 233 | O13: Esquinera | P13: 111.8493 | Q13: 7.1632 | R13: 347.9328 | S13: 4.1998 | T13: 425.6352 | U13: 0.5 | V13: =+U13-0.075 -> 0.425 | W13: =(AA13*AC13*U13+W51*X51*(U51-U13))*$T$8 -> 169.38 | X13: =(AA13*AC13-W51*X51)*(U51-U13)*$T$7 -> 324.435 | Y13: Z1 | Z13: =IF(O13="Medianera",3*W51/2,MAX(6*AE13,SQRT(N51/$T$6),1)) -> 2.4423476 | AA13: 3.6 | AB13: =IF(O13="Medianera",2*N51/(AA13*$T$6),MAX(Z13,AD13*6,1)) -> 4.6284681 | AC13: 3.6 | AD13: =P51/N51 -> 0.77141134 | AE13: =O51/N51 -> 0.022009205 | AF13: =IF(AD13>AC13/6,"N/C","OK") -> N/C | AG13: =IF(AE13>AA13/6,"N/C","OK") -> OK | AH13: =O13 -> Esquinera | AI13: =IF(OR(AH13="L",AH13="Esquinera"),AC13-X51/2,AC13/2) -> 3.425 | AJ13: =IF(OR(AH13="B",AH13="Esquinera"),AA13-W51/2,AA13/2) -> 3.05 | AK13: =AD51 -> 1.0689095 | AL13: =AH51 -> 4.439914 | AM13: =AJ51 -> 138.57838 | AN13: =Y13 -> Z1 | AO13: =N51/(AA13*AC13)*(AA13*AC13-(W51-V13)*(X51-V13)) -> 845.03588 | AP13: =0.75*0.17*(1+2/R51)*SQRT($O$6)*T51*V13*(1000^2)/(10^3) -> 2158.3197 | AQ13: =0.75*0.083*(Q51*V13/T51+2)*SQRT($O$6)*T51*V13*(1000^2)/(10^3) -> 2477.8817 | AR13: =0.75*0.33*SQRT($O$6)*T51*V13*(1000^2)/(10^3) -> 2560.3597 | AS13: =IF(AO13<MIN(AP13:AR13),"OK","N/C") -> OK | AT13: =IF(AS13<>"OK",AO13*10^3/(1000^2*0.75*0.33*SQRT($O$6)*T51)+0.075,V13+0.075) -> 0.5 | AU13: =+N51/AA13*((AA13-W51)/2-V13) -> 192.90054 | AV13: =+N51/AC13*((AC13-X51)/2-V13) -> 280.5826 | AW13: =0.75*0.17*SQRT($O$6)*AA13*V13*(1000^2/10^3) -> 1032.2399 | AX13: =0.75*0.17*SQRT($O$6)*AC13*V13*(1000^2/10^3) -> 1032.2399 | AY13: =IF(AND(AU13<AW13,AV13<AX13),"OK","N/C") -> OK | AZ13: =AN13 -> Z1 | BA13: =SUM(N51/(2*AA13)*(AA13/2-W51/2)^2,P51) -> 832.00476 | BB13: =BA13/(0.9*AA13*V13^2) -> 1421.6836 | BC13: =MAX(0.85*$O$6/$O$7*(1-SQRT(1-2*BB13/(0.85*$O$6*10^3))),0.0018) -> 0.003492592 | BD13: =+BC13*AA13*V13*100^2 -> 53.436658 | BE13: 6 | BF13: 23 | BG13: =VLOOKUP(BE13,$N$91:$T$102,7,)*BF13 -> 65.32 | BH13: =IF(BG13>=BD13,"OK","N/C") -> OK | BI13: =ROUND((AA13-2*0.075)/BF13,2) -> 0.15 | BJ13: =BF13&"#"&BE13&"@"&ROUNDDOWN(BI13*100/5,0)*5 -> 23#6@15 | BK13: =BD13/BG13 -> 0.81807499 | BL13: =AZ13 -> Z1 | BM13: =IF(AT51="SÍ",U51-U13-AX51/2,0) -> 1.225 | BN13: =IF(AT51="SÍ",O51,0) -> 18.5262 | BO13: =IF(AT51="SÍ",(N51*(AA13-W51)-2*BN13)/(2*(BM13+U13)),0) -> 599.22235 | BP13: =MAX(0.0033*2*AY51*(AW51-0.04)*100^2,0.0033*AY51*AW51*100^2,BO13*100^2/(0.9*10^3*$O$7)) -> 15.852443 | BQ13: 10 | BR13: # | BS13: 6 | BT13: =BQ13*VLOOKUP(BS13,$N$91:$T$102,7,) -> 28.4 | BU13: =0.9*$O$7*BT13*10^3/(100^2) -> 1073.52 | BV13: =IF(AND(BU13>=BO13,BT13>=BP13),"OK","N/C") -> OK | BX13: =BL13 -> Z1 | BY13: =BU51*VLOOKUP(BW51,$N$91:$T$102,7,) -> 28.4 | BZ13: =0.9*$O$7*BY13*10^3/(100^2) -> 1073.52 | CA13: =IF(AND(BZ13>=BS51,BY13>=BT51),"OK","N/C") -> OK | CB13: =N51/(AA13*AC13)+BP51*BR51^2*BM13^2*AA13*BS51/(6*10^3*$O$8*V51) -> 76.617749 | CC13: =IF(AND(CB13<=$T$6,CB13>0),"OK","N/C") -> OK | CJ13: =BX13 -> Z1 | CK13: =SQRT(O51^2+P51^2) -> 649.59803 | CL13: =IF(AT51="SÍ",(N51*(AA13-W51)/2*SQRT(2)/2-CK13)/(BM13+U13+BP51*BR51^2*BM13^2*AA13^4/(36*10^3*$O$8*V51)),0) -> 42.403455 | CM13: =IF(O13="Esquinera",N51/(AA13^2)+BP51*AA13*SQRT(2)*BR51^2*AC13^2*CL13/(6*10^3*$O$8*V51),0) -> 98.34731 | CN13: =IF(O13="Esquinera",N51/(AA13^2)-BP51*AA13*SQRT(2)*BR51^2*AC13^2*CL13/(6*10^3*$O$8*V51),0) -> 31.552042 | CO13: =IF(AND(CM13<=$T$6,CN13>=0),"OK","N/C") -> OK | CP13: =BT51 -> 15.852443 | CQ13: 10 | CR13: # | CS13: 6 | CW13: =AZ13 -> Z1 | CX13: =N13 -> 233 | CY13: =AA13 -> 3.6 | CZ13: =AC13 -> 3.6 | DA13: =BJ13 -> 23#6@15 | DB13: =BJ51 -> 23#5@15
N14: 233 | O14: Esquinera | P14: -62.193 | Q14: 1.4928 | R14: 294.6173 | S14: -18.4356 | T14: -341.536 | U14: 0.5 | V14: =+U14-0.075 -> 0.425 | W14: =(AA14*AC14*U14+W52*X52*(U52-U14))*$T$8 -> 169.38 | X14: =(AA14*AC14-W52*X52)*(U52-U14)*$T$7 -> 324.435 | Z14: =IF(O14="Medianera",3*W52/2,MAX(6*AE14,SQRT(N52/$T$6),1)) -> 2.3637345 | AA14: 3.6 | AB14: =IF(O14="Medianera",2*N52/(AA14*$T$6),MAX(Z14,AD14*6,1)) -> 2.3637345 | AC14: 3.6 | AD14: =P52/N52 -> -0.59094738 | AE14: =O52/N52 -> -0.019595849 | AF14: =IF(AD14>AC14/6,"N/C","OK") -> OK | AG14: =IF(AE14>AA14/6,"N/C","OK") -> OK | AH14: =O14 -> Esquinera | AI14: =IF(OR(AH14="L",AH14="Esquinera"),AC14-X52/2,AC14/2) -> 3.425 | AJ14: =IF(OR(AH14="B",AH14="Esquinera"),AA14-W52/2,AA14/2) -> 3.05 | AK14: =AD52 -> 0.86980406 | AL14: =AH52 -> -5.7957783 | AM14: =AJ52 -> -155.64521 | AO14: =N52/(AA14*AC14)*(AA14*AC14-(W52-V14)*(X52-V14)) -> 791.51211 | AP14: =0.75*0.17*(1+2/R52)*SQRT($O$6)*T52*V14*(1000^2)/(10^3) -> 2158.3197 | AQ14: =0.75*0.083*(Q52*V14/T52+2)*SQRT($O$6)*T52*V14*(1000^2)/(10^3) -> 2477.8817 | AR14: =0.75*0.33*SQRT($O$6)*T52*V14*(1000^2)/(10^3) -> 2560.3597 | AS14: =IF(AO14<MIN(AP14:AR14),"OK","N/C") -> OK | AT14: =IF(AS14<>"OK",AO14*10^3/(1000^2*0.75*0.33*SQRT($O$6)*T52)+0.075,V14+0.075) -> 0.5 | AU14: =+N52/AA14*((AA14-W52)/2-V14) -> 180.6824 | AV14: =+N52/AC14*((AC14-X52)/2-V14) -> 262.81077 | AW14: =0.75*0.17*SQRT($O$6)*AA14*V14*(1000^2/10^3) -> 1032.2399 | AX14: =0.75*0.17*SQRT($O$6)*AC14*V14*(1000^2/10^3) -> 1032.2399 | AY14: =IF(AND(AU14<AW14,AV14<AX14),"OK","N/C") -> OK | BA14: =SUM(N52/(2*AA14)*(AA14/2-W52/2)^2,P52) -> -294.82124 | BB14: =BA14/(0.9*AA14*V14^2) -> -503.77417 | BC14: =MAX(0.85*$O$6/$O$7*(1-SQRT(1-2*BB14/(0.85*$O$6*10^3))),0.0018) -> 0.0018 | BD14: =+BC14*AA14*V14*100^2 -> 27.54 | BE14: 6 | BF14: 23 | BG14: =VLOOKUP(BE14,$N$91:$T$102,7,)*BF14 -> 65.32 | BH14: =IF(BG14>=BD14,"OK","N/C") -> OK | BI14: =ROUND((AA14-2*0.075)/BF14,2) -> 0.15 | BJ14: =BF14&"#"&BE14&"@"&ROUNDDOWN(BI14*100/5,0)*5 -> 23#6@15 | BK14: =BD14/BG14 -> 0.42161666 | BM14: =IF(AT52="SÍ",U52-U14-AX52/2,0) -> 1.225 | BN14: =IF(AT52="SÍ",O52,0) -> -15.45 | BO14: =IF(AT52="SÍ",(N52*(AA14-W52)-2*BN14)/(2*(BM14+U14)),0) -> 580.28428 | BP14: =MAX(0.0033*2*AY52*(AW52-0.04)*100^2,0.0033*AY52*AW52*100^2,BO14*100^2/(0.9*10^3*$O$7)) -> 15.351436 | BQ14: 10 | BR14: # | BS14: 6 | BT14: =BQ14*VLOOKUP(BS14,$N$91:$T$102,7,) -> 28.4 | BU14: =0.9*$O$7*BT14*10^3/(100^2) -> 1073.52 | BV14: =IF(AND(BU14>=BO14,BT14>=BP14),"OK","N/C") -> OK | BY14: =BU52*VLOOKUP(BW52,$N$91:$T$102,7,) -> 28.4 | BZ14: =0.9*$O$7*BY14*10^3/(100^2) -> 1073.52 | CA14: =IF(AND(BZ14>=BS52,BY14>=BT52),"OK","N/C") -> OK | CB14: =N52/(AA14*AC14)+BP52*BR52^2*BM14^2*AA14*BS52/(6*10^3*$O$8*V52) -> 102.87562 | CC14: =IF(AND(CB14<=$T$6,CB14>0),"OK","N/C") -> OK | CK14: =SQRT(O52^2+P52^2) -> 466.17809 | CL14: =IF(AT52="SÍ",(N52*(AA14-W52)/2*SQRT(2)/2-CK14)/(BM14+U14+BP52*BR52^2*BM14^2*AA14^4/(36*10^3*$O$8*V52)),0) -> 103.62 | CM14: =IF(O14="Esquinera",N52/(AA14^2)+BP52*AA14*SQRT(2)*BR52^2*AC14^2*CL14/(6*10^3*$O$8*V52),0) -> 142.44859 | CN14: =IF(O14="Esquinera",N52/(AA14^2)-BP52*AA14*SQRT(2)*BR52^2*AC14^2*CL14/(6*10^3*$O$8*V52),0) -> -20.776935 | CO14: =IF(AND(CM14<=$T$6,CN14>=0),"OK","N/C") -> N/C | CP14: =BT52 -> 15.351436 | CQ14: 10 | CR14: # | CS14: 6 | CX14: =N14 -> 233 | CY14: =AA14 -> 3.6 | CZ14: =AC14 -> 3.6 | DA14: =BJ14 -> 23#6@15 | DB14: =BJ52 -> 23#5@15
M15: =Y15 -> Z2 | N15: 238 | O15: Medianera | P15: 109.8328 | Q15: -1.8326 | R15: 347.9404 | S15: 20.1695 | T15: 415.1964 | U15: 0.5 | V15: =+U15-0.075 -> 0.425 | W15: =(AA15*AC15*U15+W53*X53*(U53-U15))*$T$8 -> 219.78 | X15: =(AA15*AC15-W53*X53)*(U53-U15)*$T$7 -> 432.795 | Y15: Z2 | Z15: =IF(O15="Medianera",3*W53/2,MAX(6*AE15,SQRT(N53/$T$6),1)) -> 1.65 | AA15: 4.4 | AB15: =IF(O15="Medianera",2*N53/(AA15*$T$6),MAX(Z15,AD15*6,1)) -> 3.2228053 | AC15: 3.9 | AD15: =P53/N53 -> 0.63453496 | AE15: =O53/N53 -> 0.016495798 | AF15: =IF(AD15>AC15/6,"N/C","OK") -> OK | AG15: =IF(AE15>AA15/6,"N/C","OK") -> OK | AH15: L | AI15: =IF(OR(AH15="L",AH15="Esquinera"),AC15-X53/2,AC15/2) -> 3.725 | AJ15: =IF(OR(AH15="B",AH15="Esquinera"),AA15-W53/2,AA15/2) -> 2.2 | AK15: =AD53 -> 0.82582399 | AL15: =AH53 -> 5.8704409 | AM15: =AJ53 -> 133.3673 | AN15: =Y15 -> Z2 | AO15: =N53/(AA15*AC15)*(AA15*AC15-(W53-V15)*(X53-V15)) -> 1003.4671 | AP15: =0.75*0.17*(1+2/R53)*SQRT($O$6)*T53*V15*(1000^2)/(10^3) -> 2158.3197 | AQ15: =0.75*0.083*(Q53*V15/T53+2)*SQRT($O$6)*T53*V15*(1000^2)/(10^3) -> 3072.8533 | AR15: =0.75*0.33*SQRT($O$6)*T53*V15*(1000^2)/(10^3) -> 2560.3597 | AS15: =IF(AO15<MIN(AP15:AR15),"OK","N/C") -> OK | AT15: =IF(AS15<>"OK",AO15*10^3/(1000^2*0.75*0.33*SQRT($O$6)*T53)+0.075,V15+0.075) -> 0.5 | AU15: =+N53/AA15*((AA15-W53)/2-V15) -> 278.55258 | AV15: =+N53/AC15*((AC15-X53)/2-V15) -> 346.33225 | AW15: =0.75*0.17*SQRT($O$6)*AA15*V15*(1000^2/10^3) -> 1261.6265 | AX15: =0.75*0.17*SQRT($O$6)*AC15*V15*(1000^2/10^3) -> 1118.2599 | AY15: =IF(AND(AU15<AW15,AV15<AX15),"OK","N/C") -> OK | AZ15: =AN15 -> Z2 | BA15: =SUM(N53/(2*AA15)*(AA15/2-W53/2)^2,P53) -> 944.39645 | BB15: =BA15/(0.9*AA15*V15^2) -> 1320.3264 | BC15: =MAX(0.85*$O$6/$O$7*(1-SQRT(1-2*BB15/(0.85*$O$6*10^3))),0.0018) -> 0.0032360335 | BD15: =+BC15*AA15*V15*100^2 -> 60.513826 | BE15: 6 | BF15: 25 | BG15: =VLOOKUP(BE15,$N$91:$T$102,7,)*BF15 -> 71 | BH15: =IF(BG15>=BD15,"OK","N/C") -> OK | BI15: =ROUND((AA15-2*0.075)/BF15,2) -> 0.17 | BJ15: =BF15&"#"&BE15&"@"&ROUNDDOWN(BI15*100/5,0)*5 -> 25#6@15 | BK15: =BD15/BG15 -> 0.85230741 | BL15: =AZ15 -> Z2 | BM15: =IF(AT53="SÍ",U53-U15-AX53/2,0) -> 1.225 | BN15: =IF(AT53="SÍ",O53,0) -> 16.5043 | BO15: =IF(AT53="SÍ",(N53*(AA15-W53)-2*BN15)/(2*(BM15+U15)),0) -> 947.44702 | BP15: =MAX(0.0033*2*AY53*(AW53-0.04)*100^2,0.0033*AY53*AW53*100^2,BO15*100^2/(0.9*10^3*$O$7)) -> 25.064736 | BQ15: 10 | BR15: # | BS15: 6 | BT15: =BQ15*VLOOKUP(BS15,$N$91:$T$102,7,) -> 28.4 | BU15: =0.9*$O$7*BT15*10^3/(100^2) -> 1073.52 | BV15: =IF(AND(BU15>=BO15,BT15>=BP15),"OK","N/C") -> OK | BX15: =BL15 -> Z2 | BY15: =BU53*VLOOKUP(BW53,$N$91:$T$102,7,) -> 28.4 | BZ15: =0.9*$O$7*BY15*10^3/(100^2) -> 1073.52 | CA15: =IF(AND(BZ15>=BS53,BY15>=BT53),"OK","N/C") -> OK | CB15: =N53/(AA15*AC15)+BP53*BR53^2*BM15^2*AA15*BS53/(6*10^3*$O$8*V53) -> 88.566875 | CC15: =IF(AND(CB15<=$T$6,CB15>0),"OK","N/C") -> OK | CJ15: =BX15 -> Z2 | CK15: =SQRT(O53^2+P53^2) -> 635.07649 | CL15: =IF(AT53="SÍ",(N53*(AA15-W53)/2*SQRT(2)/2-CK15)/(BM15+U15+BP53*BR53^2*BM15^2*AA15^4/(36*10^3*$O$8*V53)),0) -> 184.05507 | CM15: =IF(O15="Esquinera",N53/(AA15^2)+BP53*AA15*SQRT(2)*BR53^2*AC15^2*CL15/(6*10^3*$O$8*V53),0) -> 0 | CN15: =IF(O15="Esquinera",N53/(AA15^2)-BP53*AA15*SQRT(2)*BR53^2*AC15^2*CL15/(6*10^3*$O$8*V53),0) -> 0 | CO15: =IF(AND(CM15<=$T$6,CN15>=0),"OK","N/C") -> OK | CP15: =BT53 -> 25.064736 | CQ15: 10 | CR15: # | CS15: 6 | CW15: =AZ15 -> Z2 | CX15: =N15 -> 238 | CY15: =AA15 -> 4.4 | CZ15: =AC15 -> 3.9 | DA15: =BJ15 -> 25#6@15 | DB15: =BJ53 -> 23#5@15
N16: 238 | O16: Medianera | P16: -61.0231 | Q16: -7.7873 | R16: 294.8131 | S16: -3.721 | T16: -336.1962 | U16: 0.5 | V16: =+U16-0.075 -> 0.425 | W16: =(AA16*AC16*U16+W54*X54*(U54-U16))*$T$8 -> 219.78 | X16: =(AA16*AC16-W54*X54)*(U54-U16)*$T$7 -> 432.795 | Z16: =IF(O16="Medianera",3*W54/2,MAX(6*AE16,SQRT(N54/$T$6),1)) -> 1.65 | AA16: 4.4 | AB16: =IF(O16="Medianera",2*N54/(AA16*$T$6),MAX(Z16,AD16*6,1)) -> 3.0516746 | AC16: 3.9 | AD16: =P54/N54 -> -0.48369026 | AE16: =O54/N54 -> -0.020367155 | AF16: =IF(AD16>AC16/6,"N/C","OK") -> OK | AG16: =IF(AE16>AA16/6,"N/C","OK") -> OK | AH16: L | AI16: =IF(OR(AH16="L",AH16="Esquinera"),AC16-X54/2,AC16/2) -> 3.725 | AJ16: =IF(OR(AH16="B",AH16="Esquinera"),AA16-W54/2,AA16/2) -> 2.2 | AK16: =AD54 -> 0.69324354 | AL16: =AH54 -> -7.7012094 | AM16: =AJ54 -> -108.01705 | AO16: =N54/(AA16*AC16)*(AA16*AC16-(W54-V16)*(X54-V16)) -> 950.18306 | AP16: =0.75*0.17*(1+2/R54)*SQRT($O$6)*T54*V16*(1000^2)/(10^3) -> 2158.3197 | AQ16: =0.75*0.083*(Q54*V16/T54+2)*SQRT($O$6)*T54*V16*(1000^2)/(10^3) -> 3072.8533 | AR16: =0.75*0.33*SQRT($O$6)*T54*V16*(1000^2)/(10^3) -> 2560.3597 | AS16: =IF(AO16<MIN(AP16:AR16),"OK","N/C") -> OK | AT16: =IF(AS16<>"OK",AO16*10^3/(1000^2*0.75*0.33*SQRT($O$6)*T54)+0.075,V16+0.075) -> 0.5 | AU16: =+N54/AA16*((AA16-W54)/2-V16) -> 263.76146 | AV16: =+N54/AC16*((AC16-X54)/2-V16) -> 327.94203 | AW16: =0.75*0.17*SQRT($O$6)*AA16*V16*(1000^2/10^3) -> 1261.6265 | AX16: =0.75*0.17*SQRT($O$6)*AC16*V16*(1000^2/10^3) -> 1118.2599 | AY16: =IF(AND(AU16<AW16,AV16<AX16),"OK","N/C") -> OK | BA16: =SUM(N54/(2*AA16)*(AA16/2-W54/2)^2,P54) -> -165.14421 | BB16: =BA16/(0.9*AA16*V16^2) -> -230.88212 | BC16: =MAX(0.85*$O$6/$O$7*(1-SQRT(1-2*BB16/(0.85*$O$6*10^3))),0.0018) -> 0.0018 | BD16: =+BC16*AA16*V16*100^2 -> 33.66 | BE16: 6 | BF16: 25 | BG16: =VLOOKUP(BE16,$N$91:$T$102,7,)*BF16 -> 71 | BH16: =IF(BG16>=BD16,"OK","N/C") -> OK | BI16: =ROUND((AA16-2*0.075)/BF16,2) -> 0.17 | BJ16: =BF16&"#"&BE16&"@"&ROUNDDOWN(BI16*100/5,0)*5 -> 25#6@15 | BK16: =BD16/BG16 -> 0.47408451 | BM16: =IF(AT54="SÍ",U54-U16-AX54/2,0) -> 1.225 | BN16: =IF(AT54="SÍ",O54,0) -> -19.2956 | BO16: =IF(AT54="SÍ",(N54*(AA16-W54)-2*BN16)/(2*(BM16+U16)),0) -> 917.38317 | BP16: =MAX(0.0033*2*AY54*(AW54-0.04)*100^2,0.0033*AY54*AW54*100^2,BO16*100^2/(0.9*10^3*$O$7)) -> 24.269396 | BQ16: 10 | BR16: # | BS16: 6 | BT16: =BQ16*VLOOKUP(BS16,$N$91:$T$102,7,) -> 28.4 | BU16: =0.9*$O$7*BT16*10^3/(100^2) -> 1073.52 | BV16: =IF(AND(BU16>=BO16,BT16>=BP16),"OK","N/C") -> OK | BY16: =BU54*VLOOKUP(BW54,$N$91:$T$102,7,) -> 28.4 | BZ16: =0.9*$O$7*BY16*10^3/(100^2) -> 1073.52 | CA16: =IF(AND(BZ16>=BS54,BY16>=BT54),"OK","N/C") -> OK | CB16: =N54/(AA16*AC16)+BP54*BR54^2*BM16^2*AA16*BS54/(6*10^3*$O$8*V54) -> 115.4186 | CC16: =IF(AND(CB16<=$T$6,CB16>0),"OK","N/C") -> OK | CK16: =SQRT(O54^2+P54^2) -> 458.64847 | CL16: =IF(AT54="SÍ",(N54*(AA16-W54)/2*SQRT(2)/2-CK16)/(BM16+U16+BP54*BR54^2*BM16^2*AA16^4/(36*10^3*$O$8*V54)),0) -> 223.63004 | CM16: =IF(O16="Esquinera",N54/(AA16^2)+BP54*AA16*SQRT(2)*BR54^2*AC16^2*CL16/(6*10^3*$O$8*V54),0) -> 0 | CN16: =IF(O16="Esquinera",N54/(AA16^2)-BP54*AA16*SQRT(2)*BR54^2*AC16^2*CL16/(6*10^3*$O$8*V54),0) -> 0 | CO16: =IF(AND(CM16<=$T$6,CN16>=0),"OK","N/C") -> OK | CP16: =BT54 -> 24.269396 | CQ16: 10 | CR16: # | CS16: 6 | CX16: =N16 -> 238 | CY16: =AA16 -> 4.4 | CZ16: =AC16 -> 3.9 | DA16: =BJ16 -> 25#6@15 | DB16: =BJ54 -> 23#5@15
